門市名稱,地址,營業時間,座標,電話,,親子友善空間,手沖體驗門市,座位30席以上,輕食早午餐,手做蛋糕,貝果,免費Wifi,會議型空間租借,高鐵TGO兌換
輔大烘豆概念門市,新北市 新莊區 建國一路55號,週一至週日 08:00-22:00,"25.0304026,121.4346766",02-2901-2570,,無,有,有,有,有,有,有,有,有
敦南門市,台北市 大安區 敦化南路二段81巷45弄21號,"週一至週五 7:30-17:00
週六、週日 公休","25.0305428,121.5504153",02-2755-0101,,無,無,無,有,有,有,無,無,無
華山門市,台北市 中正區 紹興南街4-1號,"周一至周五 7:30-18:00
周六8:30-15:00
周日國定假日公休","25.0436986,121.5247693",02-2321-5938,,無,無,無,有,無,有,無,無,無
逸仙門市,台北市 信義區 逸仙路50巷6號,週一至週末 7:30-16:00,"25.0404813,121.5621657",02-8780-4613,,無,無,有,有,無,無,有,無,無
寶慶門市,台北市 中正區 衡陽路114號,"週一至週五 07:00-20:00
               例假日 08:00-20:00","25.0421239,121.50992",02-2370-8538,,無,無,有,有,有,有,有,無,無
延平門市,台北市 中正區 延平南路214號,"週一至週五7:00-18:00
周末公休","25.0345149,121.5074292",02-2361-0718,,無,無,有,有,無,有,有,無,無
杭州門市,台北市 中正區 杭州南路一段153號,週一至週日 07:00-17:00,"25.035844,121.524632",02-2327-8819,,無,無,有,有,無,有,無,無,無
重慶南門市,台北市 中正區 重慶南路一段77-2號,7:30-18:00,"25.04394097,121.51341104",02-2311-4088,,無,無,有,有,有,無,有,無,無
信義新生門市,台北市 中正區 新生南路一段130號,"7:30-19:00
例假日8:00-20:00","25.0368922,121.5324694",02-2343-5831,,無,無,有,有,無,無,有,無,無
酒泉門市,台北市 大同區 酒泉街139號,週一至週日 08:00-18:00,"25.07215542,121.5142781",02-2585-2121,,無,無,有,有,無,無,有,無,無
民權門市,台北市 中山區 松江路313巷22號之2,"周一至周五7:00-16:00
周六至周日及國定假日8:00-13:00
不定期公休","25.0617363,121.5347586",02-2517-7759,,無,無,有,有,無,無,有,無,無
南西門市,台北市 中山區 中山北路一段140巷138號(後棟),週一至週日8:00-18:00,"25.0513912,121.5219954",02-2531-7138,,無,無,無,有,無,無,無,無,無
晴光門市,台北市 中山區 雙城街17-6號,"週一至週五 07:00-19:00
週六至週日 08:00-19:00","25.0652557,121.5243641",02-2599-3207,,無,無,有,有,有,有,有,無,無
大直門市,台北市 中山區 北安路621巷49號,"週一至週五 7:30-21:00
周末/例假日/寒暑假 7:30-17:00","25.082998,121.5466682",02-8509-8222,,無,無,有,有,有,無,有,無,無
伊通門市,台北市 中山區 伊通街85號,"週一至週五 08:00-18:30
               週末 公休","25.0528569,121.5349539",02-2515-6765,,無,無,有,有,有,無,無,無,無
樂群直營門市,台北市 中山區 樂群二路150號,週一至週日 07:00-18:00,"25.0797073,121.5574631",02-8502-9991,,無,無,有,有,有,有,有,無,有
民生松江門市,台北市 中山區 民生東路二段150號,"週一至週五 07:00-21:00
               週六、週日 08:00-20:00","25.0578088,121.5324104",02-2541-9655,,無,無,有,有,有,無,有,無,無
三民門市,台北市 松山區 南京東路五段163-13號,"週一至週五7:30-16:00
週六、週日公休","25.05165074,121.56263064",02-2766-1312,,無,無,無,有,無,無,有,無,無
敦北門市,台北市 松山區 敦化北路244巷35號,週一至週日 08:00-16:00,"25.0610106,121.5476657",02-2719-0500,,無,無,有,有,無,有,有,無,無
慶城門市,台北市 松山區 慶城街16巷10號,"週一至週五 07:00-21:00
               週六、週日 08:00-21:00","25.0528997,121.5456075",02-2545-2555,,無,無,無,有,有,有,無,無,無
民生圓環門市,台北市 松山區 新東街33號,週一到週日 07:00-20:00,"25.0597192,121.5657668",02-2761-6620,,無,無,有,有,有,無,有,無,無
民生光復門市,台北市 松山區 民生東路五段3號,"週一至週五 7:30-17:30
周末 8:00-17:00","25.0584466,121.5555496",02-2765-4166,,無,無,有,有,有,有,無,無,無
麥帥門市,台北市 松山區 南京東路五段250巷2弄19號,7:30-17:00,"25.0508772,121.5671283",02-2765-8808,,無,無,有,有,有,無,有,無,無
基隆信一門市,基隆市 中正區 信一路168號1樓,週一至週日 07:00-21:00,"25.1303607,121.7455431",02-2426-0083,,無,無,有,有,有,有,有,無,無
古亭門市,台北市 大安區 羅斯福路二段83-1號1樓,7:30-20:00,"25.0256389,121.5237682",02-2362-6229,,無,無,無,有,有,有,有,無,無
城中門市,台北市 中正區 延平南路13號B,"週一至週五 07:00-17:30
               例假日 09:30-17:30","25.0461283,121.5108537",02-2361-6909,,無,無,無,有,無,無,無,無,無
忠孝門市,台北市 大安區 忠孝東路三段217巷4弄2號,"8:00-17:00
周六8:00-16:00
周日及國定假日休","25.0426792,121.5398364",02-2711-7627,,無,無,無,有,無,有,無,無,無
市民門市,台北市 大安區 光復南路102號1樓,週一至週末 7:30-17:00,"25.0435581,121.5574506",02-8773-6443,,無,無,無,有,有,有,有,無,無
建國門市,台北市 大安區 瑞安街151號,"7:00-19:00
週六至週日8:00-17:00","25.0265064,121.539505",02-2704-2955,,無,無,無,有,無,有,無,無,無
國泰門市,台北市 大安區 仁愛路四段300巷13-2號,週一至週日 07:30-18:00,"25.03676626,121.55454895",02-2325-0707,,無,無,有,有,有,有,有,無,有
大安門市,台北市 大安區 信義路四段28號,"週一至週五 7:00-16:30
週六 7:30-15:30
週日 7:30-14:00","25.0331526,121.5445512",02-2707-9005,,無,無,無,有,有,有,無,無,無
六張犁門市,台北市 大安區 基隆路二段190-1號,週一至週日 07:00-19:00,"25.024113,121.5517992",02-2739-0241,,無,無,無,有,有,有,有,無,無
仁愛敦化門市,台北市 大安區 仁愛路四段122巷4號,週一至週日 7:00-17:00,"25.036923,121.5501908",02-2325-0552,,無,無,有,有,有,有,有,無,無
和平新生門市,台北市 大安區 和平東路一段228號,週一至週日 7:00-17:00,"25.02610055,121.53234432",02-2362-0860,,無,無,有,有,有,無,有,無,無
萬華西藏門市,台北市 萬華區 西藏路125巷5號,"週二至週日8:00-18:00
周一公休","25.0289608,121.5022758",02-2303-2525,,無,無,有,有,無,有,有,無,無
萬華龍山門市,台北市 萬華區 和平西路三段143號,7:30-19:00,"25.0354716,121.4989653",02-2308-2255,,無,無,無,有,有,有,有,無,無
永春概念門市,台北市 信義區 永吉路326巷50號,"週一至週五 07:00-18:00
               週六、週日及國定假日 08:00-18:00","25.043841,121.575335",02-2766-6672,,無,無,有,有,無,無,有,無,無
信義永春門市,台北市 信義區 松山路562號,週一至週五7:00-17:00 週六日08:00~17:00,"25.037355,121.578147",02-2726-2700,,無,無,有,有,有,有,有,無,無
明德直營門市,台北市 北投區 明德路119號,"週一至週五 07:00-21:00
               週六、週日 07:30-21:00","25.1099112,121.5198946",02-2825-0613,,無,無,有,有,有,有,有,無,有
內湖三民門市,台北市 內湖區 民權東路六段72號,7:30-18:00,"25.0686608,121.5852284",02-2793-6263,,無,無,有,有,無,有,無,無,無
內湖文湖門市,台北市 內湖區 文湖街37號,週一至週日 07:00-21:00,"25.0867483,121.561604",02-2659-8613,,無,無,有,有,有,有,有,無,有
內湖成功直營門市,台北市 內湖區 成功路四段75號,"週一至週五 07:00-22:00
               週六、週日 07:30-22:00","25.0823429,121.5928832",02-8792-8631,,無,無,有,有,有,有,有,無,有
民權成功門市,台北市 內湖區 民權東路六段117-1號,"周一至週五7:00-18:00
周末7:30-18:00","25.0692842,121.5922491",02-2793-3136,,無,無,有,有,有,無,有,無,無
東湖門市,台北市 內湖區 東湖路33巷8號1樓,週一至週日 09:00-19:00,"25.0692793,121.61343276",02-2633-0225,,無,無,有,有,有,無,有,無,無
內湖行善門市,台北市 內湖區 行善路62號,7:00-17:00,"25.0570143,121.576212",02-8792-9998,,無,無,有,有,有,有,有,無,無
內湖285門市,台北市 內湖區 內湖路一段285巷27弄1號,"週一至週五 07:00-17:00
               週六、週日及國定假日 08:00-17:00","25.0832614,121.5670001",02-2799-7335,,無,無,無,有,無,無,有,無,無
內湖堤頂門市,台北市 內湖區 堤頂大道二段239號,週一至週日 7:30-17:00,"25.07819535,121.5668962",02-2656-1828,,無,無,有,有,有,無,有,無,無
南港門市,台北市 南港區 三重路19-4號1樓(南軟園區一期商店街),"週一至週五 7:30-16:30
               週末 公休","25.05675741,121.6134277",02-2655-1828,,無,無,有,有,無,無,無,無,無
後山埤門市,台北市 南港區 南港區中坡南路13號,"平日 07:30-21:00
               假日 07:30-20:00","25.0436294,121.5827789",02-2785-5032,,無,無,有,有,有,無,有,無,無
松山站前門市,台北市 南港區 八德路四段786號,"週一至週五 8:00-18:00
周六 9:00-17:00
周日公休","25.0505038,121.5804575",02-2788-9298,,無,無,有,有,無,無,有,無,無
景美門市,台北市 文山區 景中街13號,週一至週日 07:00-15:00,"24.9930484,121.5418899",02-2934-2580,,無,無,無,有,無,有,有,無,無
萬芳醫院門市,台北市 文山區 興隆路三段119號,"週一、週四及週日 07:00-21:00
               週五至週六 07:00-21:30","24.9989956,121.5581797",02-2239-3838,,無,無,有,有,有,有,有,無,無
木新門市,台北市 文山區 木新路三段177號,7:00-18:00,"24.9815555,121.5605102",02-2938-8115,,無,無,有,有,有,無,有,無,無
政大門市,台北市 文山區 萬壽路3號1樓,"週一至週五7:30-20:00
週六、日8:00-17:00","24.9878718,121.5757797",02-2234-3880,,無,無,有,有,有,無,有,無,無
三重旗艦門市,新北市 三重區 重新路五段609巷2-1號,"週一至週五7:30-17:30
例假日公休","25.045665,121.468142",02-2278-2322,,無,無,有,有,有,有,有,無,無
三重重新門市,新北市 三重區 重新路三段94號,7:00-21:00,"25.0605287,121.4929779",02-2978-8711,,無,無,無,有,有,無,有,無,無
台北橋門市,新北市 三重區 重新路二段12號,"週一至週五 07:30-19:00
 週六、週日 07:30-18:00","25.0626752,121.49953679",02-2970-6008,,無,無,有,有,有,有,有,無,無
三重三和門市,新北市 三重區 三和路二段156號1樓,8:00-20:00,"25.06842999,121.4993814",02-2972-1205,,無,無,有,有,無,有,無,無,無
三重龍門門市,新北市 三重區 三和路三段84號1樓,"週一至週五 07:00-21:00
               週六、週日及國定假日 08:00-17:00","25.0717278,121.4944751",02-8988-1083,,無,無,有,有,有,有,有,無,無
三重成功門市,新北市 三重區 成功路98號,平日07:30-16:30 假日08:00-18:00,"25.0512599,121.487816",02-2976-2098,,無,無,有,有,有,有,有,無,無
三重溪尾門市,新北市 三重區 溪尾街175號,週一至週末 7:00-20:00,"25.08037662,121.48890204",02-8982-7722,,無,無,有,有,有,有,有,無,無
金城門市,新北市 土城區 明德路一段95號,週一至週日 07:00-21:00,"24.9830152,121.4657144",02-8273-1351,,無,無,有,有,有,有,有,無,無
土城裕民門市,新北市 土城區 裕民路99號,週一至週日 07:00-21:00,"24.9869972,121.4508006",02-2261-0568,,無,無,有,有,有,無,有,無,有
土城頂埔門市(永久歇業),新北市 土城區 中央路四段62之3號,"週一至週五 07:30-20:00
                週六、週日 08:30-17:00","24.9601547,121.4196625",02-2267-5891,,無,無,有,有,有,無,有,無,無
中和概念門市(永久歇業),新北市 中和區 連城路250號1樓 I棟A戶(遠東世紀廣場),未知,"24.9969528,121.487118",02-8227-2468,,無,無,有,有,無,無,有,無,無
中和中和門市,新北市 中和區 中和路55號,週一至週日 07:30-20:30,"25.001275,121.500438",02-2249-8080,,無,無,有,有,有,無,有,無,無
永安市場門市,新北市 中和區 中和路400巷19號,7:00-21:30,"25.0024064,121.5115716",02-2928-7791,,無,無,有,有,有,有,有,無,無
南勢角門市,新北市 中和區 捷運路63號,週一至週日 07:00-21:00,"24.9897838,121.5088369",02-2942-5922,,無,無,有,有,有,有,有,無,無
景平大勇門市,新北市 中和區 大仁街19巷8號,7:30-20:00,"24.9933763,121.5174448",02-2943-1786,,無,無,有,有,有,有,有,無,無
中和建康門市,新北市 中和區 建康路95號,8:00-17:30,"25.000384,121.487844",02-2222-2999,,無,無,有,有,無,無,有,無,無
捷運景安門市,新北市 中和區 景安路175-2號,週一至週日 07:30-20:30,"24.9942319,121.5053694",02-2948-6877,,無,無,有,有,有,有,有,無,無
中和自立門市,新北市 中和區 自立路5號,7:30-20:30,"24.9966402,121.5226221",02-8941-1475,,無,無,有,有,有,無,有,無,無
永和竹林門市,新北市 永和區 竹林路160號,7:00-16:00,"25.0104389,121.520061",02-2924-1113,,無,無,有,有,無,有,有,無,無
永和中山門市,新北市 永和區 中山路一段271號,週一至週日 07:00-16:00,"25.007146,121.5073446",02-8660-8797,,無,無,無,有,無,有,有,無,無
汐科門市,新北市 汐止區 新北市汐止區新台五路一段75號B1 編號03-04店面,"週一至週五 07:30-18:00
               週末 公休","25.0609644,121.6456463",02-8698-1234,,無,無,有,有,有,有,有,無,無
汐止門市,新北市 汐止區 新台五路一段183號,週一至週日 07:00-20:00,"25.0632484,121.6553587",02-2647-0587,,無,無,有,有,有,有,有,無,有
汐止建成直營門市,新北市 汐止區 建成路60號,週一至週日 07:30-21:00,"25.0732711,121.663395",02-8691-9990,,無,無,有,有,有,有,有,無,有
汐止中興門市,新北市 汐止區 中興路226號,"週一至週五 07:30-16:30
週六日、國定假日 08:00-17:00","25.0666362,121.6308427",02-8693-2259,,無,無,有,有,有,有,有,無,無
板橋文化門市,新北市 板橋區 文化路一段309之37號1樓,7:00-22:00,"25.0203978,121.4651436",02-8969-6655,,無,無,有,有,有,有,有,無,無
新板市府門市,新北市 板橋區 新民街43號1樓,週一至週日 07:00-21:00,"25.0108202,121.4638916",02-2963-8380,,無,無,有,有,有,無,有,無,無
江子翠門市,新北市 板橋區 文化路二段367號,"週日至週四 07:30-21:00
               週五、週六 07:30-22:00","25.0310038,121.4730023",02-2254-1717,,無,無,有,有,有,無,有,無,無
亞東醫院門市,新北市 板橋區 南雅南路二段130號,"7:00-18:00
週六7:00-17:00
周日公休","24.9968086,121.4518294",02-8967-6522,,無,無,無,無,無,無,有,無,無
板橋重慶門市,新北市 板橋區 重慶路195號,週一至週日 07:30-19:30,"25.0019658,121.4628866",02-8952-6688,,無,無,有,有,有,有,有,無,無
新海直營門市,新北市 板橋區 雨農路58號,週一至週日 07:00-21:00,"25.0242002,121.4607267",02-2252-5258,,無,無,有,有,有,有,有,無,有
淡水竹圍門市,新北市 淡水區 民權路38號,週一至週日 07:00-22:00,"25.1373543,121.4598137",02-2809-9613,,無,無,有,有,有,有,有,無,無
新店建國門市,新北市 新店區 中正路244號之2,"周二至周五7:30-17:00
週六至週日9:00-19:00","24.973311,121.539621",02-2912-0810,,無,無,無,有,無,無,無,無,無
北新門市,新北市 新店區 北新路一段321號,7:30-20:00,"24.96833453,121.54152959",02-2914-8080,,無,有,有,有,有,有,有,無,無
大坪林門市,新北市 新店區 北新路三段43號,7:30-17:30,"24.9803409,121.541766",02-2910-8110,,無,無,有,有,有,無,有,無,無
新莊立信門市,新北市 新莊區 立信三街12巷18號,"週一至週五 07:00-17:00
               週六日、國定假日 08:00 -18:00","25.0512461,121.4441855",02-2990-1883,,無,無,有,有,有,有,有,無,無
樹林中山門市,新北市 樹林區 中山路一段115號,週一至週日 07:00-20:00,"24.9902999,121.4228168",02-2687-0330,,無,無,有,有,有,有,有,無,無
蘆洲長榮門市,新北市 蘆洲區 長榮路412號,週一至週日 07:00-21:00,"25.0879168,121.4596005",02-8286-0991,,無,無,無,有,有,有,有,無,無
三峽學成門市,新北市 三峽區 學成路325號,7:00-20:00,"24.9452527,121.3771117",02-2671-8870,,無,無,有,有,有,無,有,無,無
瑞金門市,新北市 瑞芳區 明燈路三段65號,週一至週日 7:30-20:00,"25.1082178,121.8056025",02-2497-0057,,無,無,有,有,有,有,有,無,無
金山老街門市,新北市 金山區 中山路184號,週一至週日 06:30-17:00,"25.221402,121.6381266",02-2408-1011,,無,無,有,有,有,無,有,無,無
桃園藝文門市,桃園市 桃園區 中埔六街32號(中正路1115巷內),"週一至週五 07:30-20:00
               週六、週日及例假日 08:00-18:00","25.0165185,121.2963076",03-358-7599,,無,無,有,有,有,有,有,無,無
桃鶯門市,桃園市 桃園區 桃鶯路168-1號1樓,7:00-19:30,"24.9830623,121.3187312",03-376-6860,,無,無,有,有,有,無,有,無,無
桃園縣府門市,桃園市 桃園區 中山路426號,"周一至週五7:00-18:00
周六7:00-17:00
周日7:00-15:00","24.9921548,121.3028951",03-338-0980,,無,無,有,有,無,無,有,無,無
桃園國聖門市,桃園市 桃園區 國聖一街2號,7:00-21:00,"24.9881506,121.2879997",03-3785-506,,無,無,有,有,有,有,有,無,無
林口文興門市,桃園市 龜山區 文興路108號,"7:00-19:00
週六至週日7:00-17:00","25.0580295,121.3647013",03-327-7226,,無,無,有,有,無,無,有,無,無
中壢延平門市,桃園市 中壢區 延平路536號,"週一至週五 07:30-17:30
               週六 08:30-18:30
               週日 08:30-17:30","24.9559569,121.2228732",03-422-2770,,無,無,無,有,無,無,有,無,無
中壢SOGO門市,桃園市 中壢區 元化路303號,週一至週日 07:30-21:00,"24.9622368,121.225239",03-422-4613,,無,無,有,有,有,有,有,無,有
桃園大湳門市,桃園市 八德區 廣福路20巷54號,7:00-17:00,"24.9603689,121.299273",03-361-2489,,無,無,有,有,有,有,有,無,無
新竹遠百門市,新竹市 西區 西大路360號1-3樓,週一至週日 07:00-21:00,"24.8020193,120.965707",03-522-1668,,無,無,有,有,有,有,有,無,無
竹北光明門市,新竹縣 竹北市 光明一路196號,週一至週日 07:00-18:00,"24.830525,121.0159144",03-558-8586,,無,無,有,有,有,無,有,無,無
竹北莊敬門市,新竹縣 竹北市 莊敬五街38號,週一至週日 07:00-21:00,"24.8219942,121.0265854",03-668-2482,,無,無,有,有,無,有,有,無,無
竹北縣政門市,新竹縣 竹北市 縣政九路153號,週一至週日 06:40-20:30,"24.8282208,121.0102504",03-5541-554,,無,無,有,有,無,有,有,無,無
竹北東元門市,新竹縣 竹北市 縣政二路55號,"週一至週日 07:00-18:00
               店休日另行公告","24.8234676,121.0141124",03-553-2181,,無,無,有,有,有,有,有,無,無
竹東長春門市,新竹縣 竹東鎮 長春路三段196號,週一至週日 07:00-21:00,"24.7441396,121.0832422",03-596-9566,,無,無,有,有,無,有,有,無,無
頭份和平門市,苗栗縣 頭份市 和平路107號,週一至週日 07:00-18:00,"24.6856029,120.9059524",037-688-279,,無,無,有,有,有,有,有,無,無
中港門市 (澄清醫院旁),台中市 西屯區 福康路26號,"週一至週五 06:30-16:00
周六及國定假日6:30-13:00
週日 公休","24.1836289,120.6169629",04-2463-8248,,無,無,無,有,無,有,有,無,無
福星公園門市,台中市 西屯區 河南路2段301巷72號,週一至週日 07:15-21:00,"24.1719992,120.6482625",04-2452-9143,,無,無,有,有,有,有,有,無,無
台中大墩門市,台中市 南屯區 大墩路806號,"6:30-18:30
假日7:30-18:30","24.1546224,120.6499576",04-2326-2617,,無,無,有,有,有,有,有,無,無
大甲鎮瀾門市,台中市 大甲區 育德路21號,6:30-20:00,"24.3458415,120.6225207",04-2676-1846,,無,無,有,有,有,有,有,無,無
彰化中興門市,彰化縣 彰化市 中興路136之1號,週一至週日 07:00-17:00,"24.0699929,120.545045",04-7235-886,,無,無,有,有,有,無,有,無,無
鹿港中山門市,彰化縣 鹿港鎮 中山路246號,週一至週日 7:30-18:30,"24.0557296,120.4342709",04-777-3431,,無,無,有,有,有,無,有,無,無
嘉義博愛門市,嘉義市 西區 博愛路二段864號1樓,"周一、周三至周日 6:00-21:00
周二 6:00-18:00","23.4652336,120.4247332",05-283-7218,,無,無,有,有,有,有,有,無,無
民雄頭橋門市,嘉義縣 民雄鄉 福樂村埤角221號,週一至週日 7:00-21:00,"23.5249121,120.4402011",05-221-9908,,無,無,有,有,有,無,有,無,無
台南湖美門市,台南市 中西區 中華西路二段588號1樓,7:00-18:00,"23.0030236,120.1872306",06-358-2300,,無,無,有,有,無,有,有,無,無
台南新光門市,台南市 中西區 永福路一段78號,週一至週日 07:00-18:00,"22.98723001,120.2002708",06-511-5237,,無,無,無,有,無,有,有,無,無
台南永康門市,台南市 永康區 中華二路365號,週一至週日 07:00-19:00,"23.0083096,120.2319187",06-312-1793,,無,無,有,有,有,有,有,無,無
台南中華門市,台南市 永康區 中華路786號,週一至週日7:30-19:00,"23.017795,120.227837",06-302-6688,,無,無,有,有,有,有,有,無,無
高雄文化直營門市,高雄市 苓雅區 廣州一街141號,週一至週日 07:00-21:30,"22.6240391,120.3170544",07-722-5830,,無,無,有,有,有,有,有,無,無
高雄裕誠門市,高雄市 左營區 裕誠路366號,7:30-21:30,"22.66549599,120.3073684",07-557-0199,,無,無,有,有,有,無,有,無,無
高雄河堤門市,高雄市 三民區 明仁路51號,週一至週日 07:00-21:00,"22.6613371,120.3140676",07-359-2613,,無,有,有,有,有,有,有,無,有
宜蘭大學門市,宜蘭縣 宜蘭市 神農路ㄧ段3號,週一至週日7:00-16:00,"24.7469972,121.7492729",03-932-8008,,無,無,有,有,有,無,有,無,無
宜蘭東門夜市門市,宜蘭縣 宜蘭市 和睦路26號,週一至週日 07:00-18:30,"24.75075997,121.75512495",03-9323-181,,無,無,有,有,無,有,有,無,無
宜蘭聖博門市,宜蘭縣 羅東鎮 中正南路135號,週一至週五 07:00-16:00；週六 07:00-15:00；週日 公休,"24.6710932,121.7706235",03-955-7828 / 0905-610-557,,無,無,有,有,有,有,有,無,無
花蓮民國門市,花蓮縣 花蓮市 民國路79-3號,週一至週日 07:00-21:30,"23.9777067,121.6037428",03-833-9229,,無,無,有,有,無,有,有,無,無
新莊中原門市,新北市 新莊區 中原東路127號,週一至週日 7:00-18:00,"25.0542522,121.4612663",02-2277-9613,,無,無,有,有,有,有,有,無,無
劍潭承德門市,台北市 士林區 承德路四段53號,週一至週日 7:00-21:00,"25.0813337,121.5230166",02-2885-3335,,無,無,有,有,有,有,有,無,無
信義松仁門市,台北市 信義區 松仁路242號,週一至週日 07:00-17:00,"25.0246847,121.5693458",02-2758-3848,,無,有,有,有,有,有,有,無,有
高雄小港門市,高雄市 小港區 漢民路616號,週一至週日 7:00-21:00,"22.566755,120.360135",0908-272-302,,無,有,有,有,有,有,有,無,無
新莊思源門市,新北市 新莊區 幸福路536號,7:30-18:00,"25.0494852,121.4555091",02-2998-7177,,無,無,有,有,有,無,有,無,無
芝山直營門市,台北市 士林區 福國路38號,"週一至週五 07:00-20:00
               週六、週日 07:30-20:00","25.10228,121.524103",02-2832-2163,,無,有,有,有,有,有,有,無,有
林口影視門市,新北市 林口區 信義路162號1樓,週一至週日 07:00-18:00,"25.0801856,121.3792111",02-2601-6838,,無,無,有,有,有,有,有,無,無
深坑門市,新北市 深坑區 北深路三段204號,週一至週日 07:00-20:00,"25.0038335,121.6013612",02-2664-9332,,無,無,無,有,有,有,有,無,有
新店佳瑪門市,新北市 新店區 建國路268號,7:00-22:30,"24.983287,121.5376693",02-8911-3838,,無,有,有,有,有,有,有,無,無
大武崙門市,基隆市 安樂區 武嶺街136號,週一至週末 7:00-18:30,"25.1399681,121.7105292",02-2431-5999,,無,無,有,有,有,無,有,無,無
中和捷運門市,新北市 中和區 景平路673號,週一至週日 07:00-21:00,"25.0027369,121.496526",02-8245-1315,,無,無,有,有,有,無,有,無,無
內湖瑞光直營門市,台北市 內湖區 瑞光路431號,"週一至週五 07:30-18:00
               週六、週日與國定假日 公休","25.0788262,121.5704956",02-2799-8377,,無,有,有,有,有,有,有,無,有
新莊昌平門市,新北市 新莊區 昌平街46號,週一至週日 7:00-20:30,"25.0534532,121.4547784",02-2990-6556,,無,無,有,有,有,有,有,無,無
三重自強門市,新北市 三重區 自強路一段236號,週一至週日 07:00-23:00,"25.0669396,121.4933957",02-2988-6766,,無,無,有,有,有,有,有,無,無
北捷x路易莎 聯名 大安森林門市,台北市 大安區 信義路三段100號B1(捷運2號出口右方樓梯下),"週一至週日 07:00-21:00
               營業時間變動提前店內公告","25.0332953,121.5346495",02-2701-5800,,無,無,有,有,有,有,有,無,無
蘆竹南福門市,桃園市 蘆竹區 南福街101號,週一至週日 7:00-21:00,"25.040097,121.2930814",03-2220-255,,無,有,有,有,有,無,有,無,無
中山承德直營門市,台北市 大同區 南京西路65號,週一至週日 07:00-21:00,"25.0531866,121.518946",02-2555-0121,,無,有,有,有,有,有,有,無,有
中壢環中門市,桃園市 中壢區 環中東路234號,週一至週日 7:00-20:00,"24.9625793,121.2553362",03-4613-977,,無,無,有,有,有,無,有,無,無
澎湖馬公門市,澎湖縣 馬公市 仁愛路77號,週一至週日 8:00-22:00,"23.5656219,119.56481",06-9260-258,,無,無,有,有,有,有,有,無,無
南京建國直營門市,台北市 中山區 南京東路二段206號,"週一至週五 07:00-19:00
               週六、週日07:00-16:00","25.0516639,121.5358177",02-2507-9817,,無,有,有,有,有,有,有,無,有
北投社直營門市,台北市 北投區 光明路65號1樓,週一至週日 07:00-21:00,"25.1330077,121.5001395",02-2892-1613,,無,有,有,有,有,有,有,無,有
台南新市門市,台南市 新市區 新和里中正路26號,週一至週日 7:00-17:00,"23.0708303,120.2923395",06-5895-959,,無,無,有,有,有,有,有,無,無
信陽直營門市,台北市 中正區 信陽街5號之2,"週一至週五 07:00-20:00
週六至週日 07:30-20:00","25.044761,121.5166914",02-2311-6191,,無,無,有,有,有,有,有,無,有
瑞安直營門市,台北市 大安區 建國南路二段151巷40號,週一至週日 07:00-21:00,"25.0285752,121.5394736",02-2707-6974,,無,有,有,有,有,有,有,無,有
新竹關新直營門市,新竹市 東區 關新路158號1樓,週一至週日 07:30-21:30,"24.7867084,121.0194175",03-577-0157,,無,有,有,有,有,有,有,有,有
中和復興門市,新北市 中和區 復興路331號,週一至週日 07:30-20:20,"24.9901845,121.5005487",02-2245-5195,,無,無,有,有,有,有,有,無,無
雙和圓通門市,新北市 中和區 圓通路295-2號,週一至週日 07:00-17:00,"24.991887,121.49485101",02-2242-3012,,無,無,有,有,有,有,有,無,無
台南文平門市,台南市 安平區 文平路400號,週一至週日 07:00-21:00,"22.9922529,120.1787488",06-293-0088,,無,無,有,有,有,無,有,無,無
天母東直營門市,台北市 士林區 天母東路8巷31弄2號,"週一至週五 07:00-19:00
週末 07:30-17:00","25.1167556,121.5318337",02-2875-6311,,無,有,有,有,有,有,有,無,有
龍潭北龍門市,桃園市 龍潭區北龍路266號,週一至週日 07:00-21:00,"24.8676855,121.2175106",03-409-1182,,無,無,有,有,有,有,有,無,無
松江長安門市,台北市 中山區 長安東路二段78-1號,"週一至週五 7:00-19:00
假日9:00-18:00","25.0483378,121.5339034",02-2508-3302,,無,無,有,有,有,有,無,無,無
木柵直營門市,台北市 文山區 木柵路三段63號,週一至週日 07:00-21:00,"24.9886876,121.5665695",02-2234-8898,,無,有,有,有,有,有,有,無,有
八德台安門市,台北市 松山區 八德路二段429號,週一至週日 07:00-21:00,"25.0483134,121.5466514",02-2751-6138,,無,無,有,有,有,有,有,無,無
崇善門市,台南市 東區 崇善路172號,週一至週日 6:30-20:00,"22.9803936,120.2232732",06-260-8855,,無,無,有,有,有,無,有,無,無
春日直營門市,桃園市 桃園區 春日路618號,"(1F) 週一至週日 08:00-21:30
               (2F) 週一至週日 10:00-21:00","25.008678,121.3116161",03-356-8965,,無,有,有,有,有,有,有,無,有
小北門市,台南市 北區 立賢路一段39號,週一至週日 07:00-18:00,"23.0092315,120.2062015",06-2525-951,,無,無,有,有,有,有,有,無,無
永和仁愛門市,新北市 永和區 仁愛路110號,週一至週日 7:00-20:00,"25.01320434,121.51185686",02-8923-6066,,無,有,有,有,有,有,有,無,無
竹北成功門市,新竹縣 竹北市 成功五街76號,週一至週日 07:00-21:00,"24.8186261,121.0236101",03-550-9371,,無,有,有,有,有,有,有,無,無
新莊中正門市,新北市 新莊區 中正路879-1號1樓,週一至週日 7:00-17:00,"25.026431,121.418095",02-2901-5252,,無,無,有,有,有,有,有,無,無
汐止福德門市,新北市 汐止區 福德一路118號,週一至週日 07:00-16:30,"25.0677576,121.637338",02-2695-3639,,無,無,有,有,有,有,有,無,無
內湖家樂福門市,台北市 內湖區 民善街88號,"週一到週五 08:00-21:00
               週六、週日 09:30-21:30","25.0601551,121.5749954",02-2791-1613,,無,無,有,有,有,有,有,無,有
民生富錦直營門市,台北市 松山區 三民路113巷1-3號,週一至週日 07:00-21:00,"25.0578551,121.5633197",02-2756-9616,,無,有,有,有,有,有,有,無,有
美術館門市,高雄市 鼓山區 青海路112號,週一至週日 7:00-22:00,"22.6516331,120.2883504",07-522-6677,,無,有,有,有,有,有,有,無,無
桂林門市,台北市 萬華區 桂林路26號,週一至週日 07:30-21:00,"25.0376261,121.5052878",02-2308-5252,,無,有,有,有,有,無,有,無,無
進化門市,台中市 北區 進化路571-2號,週一至週日 07:00-19:00,"24.1595007,120.6942362",04-2233-1068,,無,無,有,有,有,有,有,無,無
東安門市,台南市 東區 東安路100號,週一至週日 07:00-21:00,"22.9932979,120.2267221",06-236-8613,,無,無,無,有,有,無,有,無,有
新豐鑫豐門市,新竹縣 新豐鄉 建興路一段155號,週一至週日 07:00-19:00,"24.8741695,120.9944157",03-557-2566,,無,無,有,有,有,有,有,無,無
樹林興仁花園門市,新北市 樹林區 保安街二段70號,週一至週日 7:00-20:00,"25.0032137,121.4153858",02-2686-5462,,無,無,有,有,有,無,有,無,無
新竹武陵門市,新竹市 北區 武陵路173-3號,週一至週日 07:00-18:00,"24.8211323,120.9683633",03-545-3123,,無,有,有,有,有,有,有,無,無
桃園南崁門市,桃園市 蘆竹區 南崁路290號,週一至週日 07:30-20:00,"25.0496471,121.2930007",03-311-1122,,無,無,有,有,有,有,有,無,無
圓山直營門市,台北市 大同區 酒泉街35號,"週一至週五 07:00-21:00
               週六、週日 07:30-21:00","25.0707289,121.5190034",02-2586-3613,,無,有,有,有,有,有,有,無,有
昌盛門市,高雄市 鼓山區 昌盛路292號,週一至週日 7:30-21:00,"22.6640696,120.2991137",07-552-7096,,無,無,有,有,有,有,有,無,無
六家文興門市,新竹縣 竹北市 文興路二段96號,週一至週日 07:00-21:00,"24.8074498,121.0348384",03-550-5633,,無,有,有,有,有,有,有,無,無
景美SOHO門市,台北市 文山區 羅斯福路六段146號,"週一至週五 07:00-21:00
               週六、週日 07:30-21:00","24.9954594,121.5410196",02-2931-9613,,無,有,有,有,有,有,有,無,有
台南長榮門市,台南市 東區 長榮路二段178號,週一至週日 07:00-21:00,"22.990102,120.2207139",06-276-0288,,無,無,有,有,有,有,有,無,無
中和南華門市,新北市 中和區 南華路65號,週一至週日 07:30-20:30,"24.9973195,121.5044863",02-2243-3002,,無,無,有,有,有,無,有,無,無
高雄孟子門市,高雄市 左營區 孟子路178-1號,週一至週日 07:00-21:00,"22.6738945,120.3124943",07-345-3535,,無,無,有,有,有,有,有,無,無
台中文心一門市,台中市 南屯區 文心路一段376號,週一至週日 07:30-19:30,"24.149417,120.6469254",04-2320-0052,,無,無,有,有,有,有,有,無,無
青埔明日門市,桃園市 中壢區 領航南路一段73號,週一至週日 7:00-16:30,"25.0010479,121.2043302",03-287-2987,,無,無,有,有,有,有,有,無,無
德行西門市,台北市 士林區 德行西路36號1樓,"週一至週五 07:00-21:00
               週六、週日 07:30-21:00","25.1052531,121.5231599",02-2831-9613,,無,有,有,有,有,有,有,無,有
台大西址門市,台北市 中正區 常德街1號,"週一至週五 07:00-18:00
               週六 08:00-14:00
               週日依店內公告","25.0413975,121.5176339",02-2381-0618,,無,無,有,有,有,有,有,無,無
桃園桃大極門市,桃園市 八德區 金和路60號,週一至週日 07:00-21:00,"24.9552418,121.296823",03-363-6065,,無,無,有,有,有,有,有,無,無
龜山中興門市,桃園市 龜山區 中興路一段37號,週一至週日 07:00-20:00,"24.9941498,121.3379345",03-329-1766,,無,無,有,有,有,有,有,無,無
桃園莊敬門市,桃園市 桃園區 莊敬路二段47號,週一至週日 7:00-18:30,"25.0225225,121.2935146",03-317-7098,,無,無,有,有,有,有,有,無,無
中壢南園門市,桃園市 中壢區 南園二路81號,週一至週日 7:00-19:00,"24.9715086,121.2337401",03-463-6766,,無,無,有,有,有,有,有,無,無
台中精密園區門市,台中市 南屯區 精科路112號,週一至週日 07:00-19:00,"24.1488419,120.6081885",04-2359-9671,,無,無,有,有,有,有,有,無,無
竹北博愛門市,新竹縣 竹北市 博愛街239號,週一至週日 07:00-21:00,"24.833378,121.0063774",03-656-5768,,無,無,有,有,有,有,有,無,無
內壢忠孝門市,桃園市 中壢區 忠孝路83號,週一至週日 07:00-20:30,"24.974514,121.255563",03-451-2232,,無,無,有,有,有,有,有,無,無
三峽國際門市,新北市 三峽區 國際一街1號1樓,週一至週日 07:00-17:00,"24.9431826,121.3747296",02-2673-0755,,無,無,有,有,有,有,有,無,無
新光保險小舖門市,台北市 中正區 忠孝西路一段50號1樓,"週一至週五 07:00-19:00
週六至週日 07:30-18:00","25.046265782702758, 121.51587105332781",02 -2311-6613,,無,有,有,有,有,有,有,無,有
新店央北門市,新北市 新店區 央北一路102號,週一至週日 7:00-20:00,"24.9777598,121.5270394",02-8667-1999,,無,無,有,有,有,有,有,無,無
林口忠孝門市,新北市 林口區 忠孝一路12號,"週一至週五 7:00-19:00
週六、週日 07:30-19:30","25.0731835,121.3644381",02-2609-0225,,無,無,有,有,有,有,有,無,無
台東中華門市,台東縣 台東市 中華路一段421號1-3樓,週一至週日 7:00-21:30,"22.75340601,121.15237451",089-333686,,無,無,有,有,有,有,有,有,無
台南善化門市,台南市 善化區 文昌里中正路365號,7:00-17:30,"23.127156197023787, 120.2939089143425",06-581-1039,,無,無,有,有,有,無,無,無,無
第三波咖啡 棧貳庫門市,高雄市 鼓山區 蓬萊路17號櫃號2108,"週日至週四 10:00-21:00
               週五、週六 10:00-22:00","22.6186461,120.2777946",07-531-0660,,無,無,有,有,有,有,有,無,無
屏東門市,屏東縣 屏東市 中華路80號1樓,週一至週日 07:00-22:00,"22.67418876181807, 120.49065963634317",08-732-5020,,無,有,有,有,有,有,有,無,無
新店安康門市,新北市 新店區 安康路二段95號,"週一至週五 07:00-20:00
               週六、週日 07:00-19:00","24.9626839,121.5130919",02-2211-1889,,無,無,有,有,有,有,有,無,無
板橋國光門市,新北市 板橋區 國光路189-5號,週一至週日 07:00-22:00,"25.0186544,121.4614429",02-2254-7910,,無,無,有,有,有,無,有,無,無
內湖CITY LINK門市,台北市 內湖區 成功路四段188號,"週日至週四 07:30-21:30
               週五、週六 07:30-22:00
               (提供外送服務)","25.0846317,121.5938439",02-8791-7331,,無,有,有,有,有,有,有,無,無
台南郡平門市,台南市 安平區 郡平路131號,週一至週日 07:00-20:00,"22.988842,120.1697132",06-299-9056,,無,無,有,有,有,有,有,無,無
興大門市,台中市 南區 興大路145號1樓(中興大學學生餐廳),週一至週日 07:00-19:00,"24.12358275562095, 120.67691505058187",04-2285-6137,,無,無,有,有,有,有,有,無,無
永和安樂門市,新北市 永和區 安樂路270號,週一至週日 07:00-20:00,"25.0040502,121.5146987",02-2922-1588,,無,無,有,有,有,有,有,無,無
基隆仁二門市,基隆市 仁愛區 仁二路66號,週一至週日 07:30-20:30,"25.12784,121.749331",02-2428-1678,,無,無,有,有,有,有,有,無,無
中和宜安直營門市,新北市 中和區 宜安路180號,週一至週日 07:00-21:00,"24.9993238,121.508608",02-8923-0568,,無,有,有,有,有,有,有,無,無
精誠門市,台中市 西區 精誠路7-2號,週一至週日 7:30-18:00,"24.15643581,120.65682291",04-2327-1585,,無,無,有,有,有,有,有,無,無
淡水水源門市,新北市 淡水區 水源街1段91號1樓,週一至週日 07:00-22:00,"25.1723519,121.4455682",02-8631-0221,,無,無,有,有,有,有,有,無,無
新竹建中門市,新竹市 東區 建中路71號,週一至週日 07:00-21:00,"24.8023542,120.9953539",03-572-9777,,無,無,有,有,有,有,有,無,無
桃園中正門市,桃園市 桃園區 中正路103號,週一至週日 07:00-21:00,"24.9926279,121.3119931",03-335-1613,,無,有,有,有,有,有,有,無,有
南昌直營門市,台北市 中正區 南昌路一段123號1樓,週一至週日 07:00-17:00,"25.0299438,121.5183082",02-2351-1613,,無,無,有,有,有,有,有,無,有
高醫門市,高雄市 三民區 自由一路56號,週一至週日 07:00-21:00,"22.6437795,120.3088302",07-311-1613,,無,有,有,有,有,有,有,無,有
新竹關埔門市,新竹市 東區 埔頂二路2號,週一至週日 07:00-21:00,"24.7904145,121.0148537",03-577-6700,,無,無,有,有,有,有,有,無,無
基隆新豐門市,基隆市 中正區 新豐街233號,週一至週日 07:00-18:30,"25.1368243,121.7883431",02-2469-3550,,無,無,有,有,有,無,有,無,無
松江農安門市,台北市 中山區 松江路363號1樓,週一至週日 07:00-20:30,"25.0638392,121.5335074",02-2502-3613,,無,無,有,有,有,有,有,無,有
淡水新市直營門市,新北市 淡水區 新市一路三段100號,週一至週日 07:00-22:00,"25.1828246,121.4461166",02-2625-3613,,無,有,有,有,有,有,有,無,有
台南東門門市,台南市 東區 東門路三段180、182號,"週一至週五 07:00-19:00
               週六、週日 08:00-20:00","22.977976,120.2334442",06-267-1461,,無,無,有,有,有,無,有,無,無
新板特區門市,新北市 板橋區 區運路105號,週一至週日 07:00-21:00,"25.0116937,121.4685575",02-2956-6363,,無,有,有,有,有,有,有,無,無
桃園八德興豐門市,桃園市 八德區 興豐路416號,週一至週日 07:00-21:00,"24.9295278,121.2892313",03-368-3613,,無,有,有,有,有,有,有,無,有
永春門市,台北市 信義區 忠孝東路五段458號1樓,週一至週日 07:00-21:00,"25.0406569,121.576525",02-2345-0613,,無,無,有,有,有,有,有,無,有
大墩向心門市,台中市 南屯區 大墩路301號,週一至週日 07:00-21:00,"24.1440621,120.6497127",04-2472-6613,,無,無,有,有,有,有,有,無,無
十甲東門市,台中市 東區 十甲東路566號,週一至週日 07:00-21:00,"24.1407604,120.7082962",04-2215-2666,,無,無,有,有,有,有,有,無,無
南港展覽館直營門市,台北市 南港區 經貿二路1號1樓 商店街106-2,"週一至週五 7:30-16:30
               週六、週日公休（依展覽活動調整）","25.0568065,121.6173125",02-2786-2613,,無,無,無,有,有,有,有,無,有
基河新光門市,台北市 士林區 基河路250號,週一至週日 07:30-21:00,"25.091683127134566, 121.52101377061585",02-2880-5613,,無,無,有,有,有,有,有,無,有
師大直營門市,台北市 大安區 和平東路一段79號,"週一至週五 07:00-22:30
               週六、週日 07:30-22:30","25.0270872,121.525325",02-2396-1613,,無,有,有,有,有,有,有,無,有
桃園大竹門市,桃園市 蘆竹區 大竹路440號1樓,週一至週日 07:00-21:00,"25.021663136795276, 121.26311190688807",03-323-3969,,無,無,有,有,有,有,有,無,無
員林莒光門市,彰化縣 員林市 莒光路328號,週一至週日 07:00-21:30,"23.9598335,120.5669366",04-839-3613,,無,無,有,有,有,有,有,無,無
大昌覺民門市,高雄市 三民區 大昌二路89號,週一至週日 07:00-23:00,"22.6410055,120.3320324",07-381-0088,,無,有,有,有,有,無,有,無,無
成大勝利門市,台南市 東區 勝利路125號,週一至週日 07:00-19:00,"22.9948601,120.2179307",06-236-1613,,無,無,有,有,有,有,有,無,無
台南文元門市,台南市 北區 海安路三段800號,週一至週日 07:00-20:00,"23.0157778,120.2006019",06-252-5222,,無,有,有,有,有,有,有,無,無
漢口門市,台中市 西屯區 漢口路二段110-7號,週一至週日 06:30-19:00,"24.164895210308533, 120.66142177386737",04-2312-9987,,無,無,有,有,有,有,有,無,無
大里永隆門市,台中市 大里區 永隆路35號,週一至週日 07:00-21:00,"24.104856,120.6773841",04-2407-8212,,無,無,有,有,有,無,有,無,無
汐止大同門市,新北市 汐止區 大同路二段312巷18號,週一至週日 07:30-21:00,"25.0656979,121.6558914",02-8691-0613,,無,無,有,有,有,有,有,無,有
板橋合宜門市,新北市 板橋區 合宜路175號1樓,週一至週日 07:00-17:00,"24.9984689,121.4470771",02-8969-7442,,無,無,有,有,有,無,有,無,無
台南北安門市,台南市 安南區 北安路二段262號,"週一至週五 07:00-20:00
週六、週日 07:00-20:30
親子室開放時間(尚未開放)","23.0321599,120.2045469",06-246-9613,,有,無,有,有,有,有,有,無,有
宜蘭礁溪門市,宜蘭縣 礁溪鄉 礁溪路五段48號,"週一至週四 07:30-20:00
               週五至週日 07:30-21:30","24.8259359,121.7714988",03-988-0766,,無,無,有,有,有,無,有,無,無
桃園埔心門市,桃園市 楊梅區 永美路235號,週一至週日 07:00-21:00,"24.9189658,121.1837598",03-431-3800,,無,無,有,有,有,無,有,無,無
正興建功門市,高雄市 三民區 正興路173、175號,週一至週日 07:00-21:30,"22.64722556290143, 120.31961432690686",07-392-6653,,無,無,有,有,有,有,有,無,無
台南大同門市,台南市 中西區 大同路一段214號1樓,週一至週日 07:00-21:00,"22.982674183890254, 120.21118176592023",06-216-0098,,無,無,有,有,有,有,有,無,無
天母忠誠門市,台北市 士林區 天母東路67之1號,"週一至週五07:00-19:00
週末7:30-19:00","25.118262,121.5343986",02-2871-3613,,無,有,有,有,有,有,無,無,有
桃園台茂門市,桃園市 蘆竹區 南崁路一段112號6樓,"週一至週四 11:00-22:00
               週五 11:00-22:30
               週六 10:30-22:30
               週日 10:30-22:00","25.053661261386893, 121.28854906018677",03-311-2613,,無,無,有,有,有,有,無,無,無
泰山十八甲門市,新北市 泰山區 仁愛路122號,週一至週日 07:00-18:00,"25.0556756,121.4337733",02-2900-0613,,無,有,有,有,有,無,有,無,無
板橋環球門市,新北市 板橋區 縣民大道二段7號B1,週一至週日 06:30-22:00,"25.01424051361857, 121.46365194059642",02-8969-2613,,無,無,無,有,有,有,有,無,無
高醫大校區門市,高雄市 三民區 十全一路100號(國研大樓1F),"週一至週五 07:00-20:30
               週六、週日 08:00-16:00","22.64647342519036, 120.3106986233613",07-311-2613,,無,有,有,有,有,有,無,無,有
新北市立圖書館門市,新北市 板橋區 貴興路139號,"週一 08:30-17:00
               週二至週日 08:30-20:30","25.0013933,121.4550959",02-2959-3613,,無,有,有,有,有,有,無,無,有
桃園大觀門市,桃園市 觀音區 大觀路二段178-2號,週一至週日 07:00-20:30,"25.0459254,121.1407808",03-483-8509,,無,無,有,有,有,無,有,無,無
文心森林公園門市,台中市 南屯區 惠文路525號、527號,週一至週日 07:30-17:00,"24.146274441541784, 120.64349189028373",04-2382-4613,,無,有,有,有,有,有,有,無,有
路易莎松山生活運動門市,台北市 松山區 市民大道六段131號,週一至週日 07:00-21:00,"25.0496652,121.5788076",02-2747-1613,,無,無,有,有,有,有,有,無,有
台中大雅門市,台中市 大雅區 學府路459號,週一至週五 6:30-16:00 周末 7:00-16:00,"24.2285413,120.64735",04-2566-1088,,無,無,有,有,有,有,有,無,無
忠孝SOGO門市,台北市 大安區 復興南路一段133之1號,週一至週日 07:00-22:00,"25.042765,121.544204",02-2775-4613,,無,無,有,有,有,有,有,無,有
高雄澄清門市,高雄市 三民區 澄清路519號,週一至週日 07:00-23:00,"22.6418694,120.3454791",07-381-0066,,無,有,有,有,有,有,有,無,無
八德廣豐門市,桃園市 八德區 大智路102號1樓,週一至週日 07:00-21:00,"24.96485511693059, 121.29651859773645",03-366-0456,,無,無,有,有,有,有,有,無,無
高雄重愛門市,高雄市 左營區 自由四路320號,週一至週日 07:00-22:00,"22.68486,120.3165679",07-345-4613,,無,有,有,有,有,有,有,無,有
台南復國門市,台南市 永康區 復國一路339-1號,週一至週日 07:00-19:00,"23.0113201,120.246068",06-201-1859,,無,無,有,有,有,有,有,無,無
桃園大興門市,桃園市 桃園區 大興西路一段179-1號,"週一至週四 07:00-21:00
               週五、例假日 07:00-21:30","25.0140032,121.3044739",03-326-7555,,無,無,有,有,有,有,有,無,無
台南麻豆門市,台南市 麻豆區 中山路129號,週一至週日 07:00-22:00,"23.1835679,120.2450871",06-571-6638,,無,無,有,有,有,有,有,無,無
板橋新埔門市,新北市 板橋區 民生路三段21號,週一至週日 07:00-21:30,"25.0239758,121.466987",02-2254-3613,,無,無,有,有,有,有,有,無,有
林口高中門市,新北市 林口區 仁愛路二段188、190號,"週一至週日 07:00-21:00
               疫情期間另行公告","25.073954191706388, 121.38053832052188",02-2602-4613,,無,有,有,有,有,有,有,無,有
一中門市,台中市 北區 雙十路一段125號,週一至週日 07:00-17:00,"24.1487806,120.6869457",04-2223-1613,,無,無,有,有,有,有,有,無,無
新竹巨城門市,新竹市 東區 民生路99號,週一至週日 07:00-22:00,"24.8094169,120.9774416",03-533-4613,,無,無,有,有,有,有,有,無,有
斗六中堅門市,雲林縣 斗六市 中堅西路533號,週一至週日 07:00-19:00,"23.7007108,120.5351872",05-533-1815,,無,無,有,有,有,有,有,無,無
景賢門市,台中市 北屯區 景賢路232號,週一至週日 07:00-21:00,"24.1671176,120.7241059",04-2436-2205,,無,無,有,有,有,有,有,無,無
金山南門市,台北市 中正區 金山南路一段8號1樓,週一至週日 07:00-20:30,"25.042341895336364, 121.52942087762305",02-2358-3613,,無,無,有,有,有,有,有,無,有
八德忠勇門市,桃園市 八德區 忠勇六街3號,週一至週日 07:00-19:30,"24.9648111,121.3051496",03-366-8066,,無,無,有,有,有,有,有,無,無
嘉義圓環門市,嘉義市 西區 中山路294號,週一至週日 07:30-21:00,"23.4800806,120.4493583",05-225-0613,,無,無,有,有,有,有,有,無,有
龜山文青門市,桃園市 龜山區 文青路199號,週一至週日 07:00-21:00,"25.040296351103425, 121.38858010242609",03-327-8613,,無,有,有,有,有,有,有,無,有
高雄重上門市,高雄市 左營區 文萊路284、286號,週一至週日 07:00-21:00,"22.67729826059717, 120.30250289927733",07-348-1613,,無,無,有,有,有,有,有,無,有
豐原三民門市,台中市 豐原區 三民路192號,週一至週日 07:00-22:00,"24.2535127,120.7179477",04-2512-1700,,無,無,有,有,有,有,有,無,無
新竹市府門市,新竹市 北區 北大路162號,週一至週日 07:00-22:00,"24.8099081,120.967763",03-533-5613,,有,有,有,有,有,有,有,無,有
中科直營門市,台中市 西屯區 福科路579號,週一至週日 07:00-21:00,"24.186482,120.6147683",04-2462-4613,,無,有,有,有,有,有,有,無,有
三峽桃子腳門市,新北市 樹林區 學成路709號,週一至週日 07:00-21:00,"24.9468457,121.3837928",02-2680-3613,,無,有,有,有,有,有,有,無,有
五股洲子洋門市,新北市 五股區 芳洲八路132號、136號,週一至週日 07:00-21:00,"25.08826703506676, 121.44668242840008",02-2291-4613,,無,無,有,有,有,有,有,無,有
林口扶輪公園門市,新北市 林口區 文化三路一段460、462號,週一至週日 07:00-22:00,"25.075002106398134, 121.36926531052951",02-2608-1613,,無,無,有,有,有,有,有,無,有
葫洲成功門市,台北市 內湖區 成功路五段466號1樓、462號2樓,週一至週日 07:30-21:30,"25.073212824514723, 121.606569673993",02- 2633-1613,,無,無,有,有,有,有,有,無,有
板橋莊敬門市,新北市 板橋區 莊敬路41號,週一至週日 07:00-21:00,"25.027030828847945, 121.47328233283999",02-2254-5613,,無,無,有,有,有,有,有,無,有
高雄鼎祥門市,高雄市 三民區 鼎祥街98號,週一至週日 07:00-17:30,"22.6664161,120.3160446",07-359-6007,,無,無,有,有,有,無,有,無,無
中壢過嶺門市,桃園市 中壢區 民族路五段308號,"週一至週五 07:00-16:30
               週六、週日 07:30-18:30","24.9585264,121.1703847",03-490-8875,,無,無,有,有,有,無,有,無,無
新北投直營門市,台北市 北投區 中和街22號,週一至週日 07:00-21:00,"25.1379123,121.5031424",02-2897-2610,,無,無,有,有,有,有,有,無,有
台南華平門市,台南市 安平區 華平路269號,週一至週日 07:30-20:00,"22.989719147634965, 120.17467910489924",06-299-2698,,無,無,有,有,有,有,有,無,無
台南奇美門市,台南市 永康區 中華路903號,週一至週日 07:00-21:00,"23.0213258,120.2213687",06-283-0613,,無,無,有,有,有,有,無,無,有
第三波咖啡 環球A8門市,桃園市 龜山區 文化里1鄰復興一路8號,週一至週日 07:00-22:00,"25.060604,121.3700716",03-397-3613,,無,有,無,有,有,有,有,無,無
淡水沙崙直營門市,新北市 淡水區 沙崙路137號1、2樓,週一至週日 07:00-21:00,"25.182970636449173, 121.42309942424131",02-2805-2613,,無,無,有,有,有,有,有,無,有
太平育賢門市,台中市 太平區 育賢路265號,週一至週日 07:00-19:00,"24.158781264439458, 120.71667595554119",04-2392-5680,,無,無,有,有,有,有,有,無,無
高雄岡山門市,高雄市 岡山區 民有路60號,週一至週日 07:00-21:00,"22.7921885,120.2970662",07-623-0095,,無,無,有,有,有,有,有,無,無
台南佳里門市,台南市 佳里區 中山路392號,週一至週日 07:00-20:00,"23.1628712,120.1769034",06-723-7179,,無,無,有,有,有,有,有,無,無
三重忠孝門市,新北市 三重區 忠孝路二段99-1號,週一至週日 07:00-22:00,"25.0699389,121.4840162",02-2988-7272,,無,無,有,有,有,有,有,無,無
福德大道門市,台北市 信義區 福德街183號,週一至週日 07:30-18:00,"25.0380027,121.5840009",02-2727-0700,,無,無,有,有,有,有,有,無,無
大溪埔頂門市,桃園市 大溪區 員林路一段280號,"週一至週五 07:00-20:00
               週六、週日 07:00-18:00","24.8943771,121.2759845",03-389-6988,,無,無,有,有,有,無,有,無,無
雲林虎尾門市,雲林縣 虎尾鎮 新生路92號,週一至週日 07:00-18:00,"23.7079351,120.4371243",05-631-1778,,無,無,有,有,有,有,有,無,無
台南崑山門市,台南市 永康區 大灣路1006號,週一至週五 07:00-18:00 週六日及國定假日07:00-17:00,"22.9992598,120.2534801",06-205-8060,,無,無,有,有,無,有,有,無,無
榮星花園門市,台北市 中山區 民權東路三段16號,週一至週日 07:00-17:00,"25.0621173,121.5401308",02-2504-0613,,無,無,有,有,有,有,有,無,有
進化北門市,台中市 北區 進化北路378之39號,週一至週日 07:00-19:00,"24.1633517,120.6793199",04-2236-4980,,無,無,有,有,有,有,有,無,無
台中博館門市,台中市 北區 博館二街62號,週一至週日 07:00-20:00,"24.1539577,120.6671782",04-2321-0818,,無,無,有,有,有,有,有,無,無
捷運市府門市,台北市 信義區 忠孝東路五段33號,週一至週日 07:00-21:00,"25.041346,121.56597",02-2756-6613,,無,無,有,有,有,有,有,無,有
新竹綠光門市,新竹市 東區 中華路一段426號,週一至週日 07:00-21:00,"24.8108466,120.9851938",03-515-3566,,無,無,有,有,有,無,有,無,無
土城日月光門市,新北市 土城區 中央路二段61巷37號,"週日至週四 07:00-21:30
               週五、週六 07:00-22:00","24.9783373,121.4446902",02-2273-1613,,無,無,有,有,有,有,有,無,有
台中德富門市,台中市 南區 德富路30號,週一至週日 07:00-21:00,"24.120616235008608, 120.65346100120038",04-2265-0311,,無,無,有,有,有,有,有,無,無
台元聯發科門市,新竹縣 竹北市 台元街26號3樓之3,週一至週五 07:30-20:00,"24.841683930227404, 121.01266577939573",0982-443-146#24440,,無,無,有,有,有,有,有,無,有
台中梧棲門市,台中市 梧棲區 文化路二段280號,週一至週日 07:30-21:00,"24.2574633,120.5318424",04-2658-3297,,無,無,有,有,有,有,有,無,無
台北莊敬門市,台北市 信義區 莊敬路325巷36號,"週一至週五 07:00-22:00
               週六、週日 07:30-22:00","25.0285142,121.5643936",02-2345-3613,,無,無,有,有,有,有,有,無,有
彰化巫家門市,彰化縣 溪湖鎮 彰水路四段439巷151號,週一至週日 09:00-19:00,"23.9723004,120.4780753",04-885-0227,,無,無,有,有,有,有,有,無,無
葳格軍福門市,台中市 北屯區 松竹五路二段228號,週一至週日 07:00-17:00,"24.178127,120.7135884",04-2436-0348,,無,無,有,有,有,無,有,無,無
高雄凹仔底門市,高雄市 左營區 忠言路182號,週一至週日 07:00-22:30,"22.6584103,120.3037711",07-556-9292,,無,無,有,有,有,有,有,無,無
高雄青年仁愛門市,高雄市 新興區 青年一路210號,週一至週日 07:30-22:30,"22.6223364,120.3087546",07-215-1277,,無,無,有,有,有,有,有,無,無
竹東站前門市,新竹縣 竹東鎮 北興路2段3號,7:000-19:00,"24.737966,121.0939725",03-596-1717,,無,無,有,有,有,有,有,無,無
汐止夢想社區門市,新北市 汐止區 民族二街100號1樓,週一至週日 07:00-22:00,"25.069557908539437, 121.63241466653251",02-2692-2613,,無,無,有,有,有,有,有,無,有
新竹聯發科門市,新竹市 東區 力行三路11號,週一至週五 07:30-19:00,"24.7716539,121.0215865",03-567-0766#33181,,無,無,無,有,有,無,有,無,無
高雄大順建工門市,高雄市 三民區 建工路590號,週一至週日 07:00-22:00,"22.6496915,120.3235649",07-395-0700,,無,無,有,有,有,無,有,無,無
平鎮文化門市,桃園市 平鎮區 文化街25號,週一至週日 07:00-21:00,"24.9560075,121.2030632",03-494-9355,,無,無,有,有,有,有,有,無,無
中壢復興門市,桃園市 中壢區 復興路17號,週一至週日 07:00-22:00,"24.958039338730973, 121.22575825921483",03-427-2613,,無,無,有,有,有,有,有,無,有
頭份建國門市,苗栗縣 頭份市 建國路107號,週一至週日 07:00-19:00,"24.6946782,120.9115274",037-669-300,,無,無,有,有,有,有,有,無,無
后里美光門市,台中市 后里區 三豐路四段369號5,週一至週五 07:30-18:00,"24.31809361908189, 120.72409147732367",04-2558-2613,,無,無,有,有,有,有,無,無,有
東吳大學門市,台北市 士林區 臨溪路70號,週一至週五 07:00-20:00,"25.0944158,121.5455756",02-2888-3613,,無,無,有,有,有,有,有,無,有
淡水滬尾門市,新北市 淡水區 中正路一段2號2樓(L102櫃),"週日至週四 09:00-21:00
               週五、週六 09:00-21:30","25.17635999229629, 121.4289397390853",02-2626-5613,,無,無,有,有,有,有,有,無,無
北勢東門市,台中市 沙鹿區 北勢東路333號,週一至週日 07:00-21:00,"24.2183781,120.5793209",04-2632-1333,,無,無,有,有,有,無,有,無,無
天祥門市,高雄市 三民區 天祥一路146-1號,週一至週日 07:00-22:30,"22.6679329,120.3191538",07-310-9763,,無,無,有,有,有,無,有,無,無
東興門市,台中市 西區 向上南路一段168號,週一至週日 07:00-20:00,"24.1451398,120.6528831",04-2471-2383,,無,無,有,有,有,有,有,無,無
台北站前門市,台北市 中正區 忠孝西路一段38號B1-B櫃,週一至週五 07:00-16:00 週六至週日 08:00-16:00,"25.04626699394217, 121.51641479629983",02-2311-3800,,無,無,無,有,無,無,有,無,有
彰化彰美門市,彰化縣 彰化市 彰美路一段159號,週一至週日 07:00-20:00,"24.0883436,120.5382688",04-722-1691,,無,無,有,有,有,無,有,無,無
新竹站前門市,新竹市 東區 中正路2號1樓,週一至週日 07:00-21:00,"24.802341336963323, 120.97174863572074",03-528-6613,,無,無,有,有,有,有,有,無,有
中央大學門市,桃園市 中壢區 中大路300號(松苑餐廳),週一至週日 07:00-21:00,"24.966978339856652, 121.19078063474022",03-490-4613,,無,無,有,有,有,有,有,無,有
士林前港門市,台北市 士林區 前港街11號1樓,週一至週日 07:00-21:00,"25.084958551385583, 121.52269330296448",02-2882-2613,,無,無,有,有,有,無,有,無,有
健行門市,台中市 北區 健行路391號,週一至週日 06:30-23:00,"24.1589641,120.6822018",04-2238-3588,,無,無,有,有,有,無,有,無,無
基隆城上城門市,基隆市 安樂區 麥金路231之5號,週一至週日 07:00-16:00,"25.1222465,121.7212069",02-2433-3669,,無,無,有,有,有,無,有,無,無
新竹台積電8廠門市,新竹市 東區 力行路25號,週一至週日 07:30-19:00,"24.7627456,121.0193323",03-5636688 EXT:708165,,無,無,有,有,有,無,無,無,無
南港中信門市,台北市 南港區 經貿二路186 號b棟 3樓,週一至週日7:30~21:30,"25.059283580349067, 121.61537830483948",02-2788-1613,,無,無,有,有,有,無,有,無,無
南港蔦屋門市,台北市 南港區 忠孝東路7段369號2樓(南港CITYLINK A棟),"週一至週四 11:00-21:30
               週五、週六 08:30-22:30
               週日 08:30-21:30","25.052442142014083, 121.6035319738823",02-2783-6613,,無,無,有,有,有,有,有,無,無
高雄建楠門市,高雄市 楠梓區 建楠路145號,週一至週日 07:00-22:00,"22.726796677377113, 120.3265365118502",07-355-1187,,無,無,有,有,有,無,有,無,無
豐原圓環門市,台中市 豐原區 圓環北路一段338號1、2樓,週一至週日 07:00-21:00,"24.25870722238499, 120.72047759127916",04-2527-6566,,無,無,有,有,有,無,有,無,無
屏東環球門市,屏東縣 屏東市 仁愛路90號(屏東環球購物中心),週一至週日 07:00-22:00,"22.6731934,120.4914438",08-732-0905,,無,無,有,有,有,無,有,無,無
新竹台積電7廠門市,新竹市 東區 研新二路6號,週一至週日 07:30-19:00,"24.7787667,120.9922017",03-579-4613,,無,無,有,有,有,無,無,無,無
台大卓越門市,台北市 大安區 羅斯福路四段1號2樓(卓越聯合商場),週一至週日 08:00-20:00,"25.014548406722078, 121.53789662120995",02-2367-6613,,無,無,有,有,有,有,有,無,無
新板傑仕堡門市,新北市 板橋區 縣民大道二段277號1樓,週一至週日 07:00-21:00,"25.017618093347977, 121.46953978766427",02-2257-0613,,無,無,有,有,有,有,無,無,有
第三波咖啡 崇德直營門市,台中市 北屯區 崇德路三段181號,週一至週日 07:30-22:00,"24.1871019,120.6860156",04-2422-4613,,無,無,有,有,有,有,有,無,無
高雄龍德門市,高雄市 鼓山區 龍德路409號,週一至週日 07:00-21:00,"22.6573491,120.296888",07-555-0969,,無,無,有,有,有,無,有,無,有
台南台積電P5廠門市,台南市 善化區 南科九路17號(台積電P5廠),週一至週五 07:30-20:00,"23.112931374553163, 120.26748459784467",06-505-3613,,無,無,有,有,有,無,有,無,無
小港桂林門市,高雄市 小港區 桂華街66號,週一至週日 07:00-21:30,"22.5832308,120.360046",07-791-0613,,無,無,有,有,有,有,有,無,有
桃園市府門市,桃園市 桃園區 縣府路186號,週一至週日 07:00-21:00,"24.994918091679203, 121.3011251816186",03-336-6222,,無,無,有,有,有,無,有,無,無
基隆七堵門市,基隆市 七堵區 福五街28號,週一至週日 07:00-21:00,"25.0832101,121.6991417",02-2451-3551,,無,無,有,有,有,有,有,無,無
信義金山直營門市,台北市 大安區 信義路二段128號,週一至週日 07:00-21:00,"25.0337531,121.5281397",02-2341-2613,,無,無,有,有,有,無,有,無,有
金門金城門市,金門縣 金城鎮 環島北路一段19號,週一至週日 07:00-21:30,"24.441129626815584, 118.32236825327537",082-311-213,,無,無,有,有,有,有,有,無,無
第三波咖啡 高雄大立蔦屋門市,高雄市 前金區 五福三路57號2樓,週一至週日 11:00-21:30,"22.621637754639767, 120.2984818433519",07-241-2613,,無,無,有,有,有,有,有,無,無
博愛北平門市,高雄市 三民區 博愛一路336號,週一至週日 07:00-22:00,"22.6500591,120.3037305",07-323-4613,,無,無,有,有,有,有,有,無,有
五權美村門市,台中市 西區 美村路一段689號,週一至週日 07:00-22:00,"24.1353092,120.6618459",04-2378-5559,,無,無,有,有,有,有,有,無,無
永和捷運門市,新北市 永和區 仁愛路313號1樓,週一至週日 07:00-21:00,"25.00775192066152, 121.50339316627759",02-2929-2613,,無,無,有,有,有,有,有,無,有
桃園中路門市,桃園市 桃園區 正光路181號,週一至週日 07:00-21:00,"24.9962326,121.2948467",03-379-7666,,無,無,有,有,有,有,有,無,無
美村直營門市,台中市 西區 美村路一段103號,週一至週日 07:00-20:00,"24.1526472,120.6618804",04-2322-1613,,無,無,有,有,有,有,有,無,有
民權復興門市,台北市 松山區 民權東路三段132號1樓,週一至週日 07:00-21:00,"25.06176414439212, 121.54622986102393",02-2716-9613,,無,無,有,有,有,有,有,無,有
庫倫承德門市,台北市 大同區 承德路三段238號,週一至週日 07:00-21:00,"25.0725254,121.5184872",02-2595-2221,,無,無,有,有,有,有,有,無,無
八德光復門市,台北市 松山區 八德路三段237號1+2樓,"週一至週五 07:00-19:00
週六週日 08:00-19:00","25.04825169142092, 121.55728786782993",02-2579-3110,,無,無,有,有,有,有,有,無,無
新營門市,台南市 新營區 三民路152-1號,週一至週日 07:00-22:00,"23.3064948,120.3103727",06-633-0613,,無,無,有,有,有,有,有,無,有
復興辛亥門市,台北市 大安區 辛亥路二段205號,"週一至週五 07:00-21:00
週末、國定假日07:00-16:00","25.0216931,121.5423914",02-2738-0658,,無,無,有,有,有,有,有,有,無
高雄五甲門市,高雄市 鳳山區 五甲三路35號,週一至週日 07:00-23:00,"22.5925399,120.3274585",07-821-7456,,無,無,有,有,有,有,有,無,無
淡水捷運門市,新北市 淡水區 中正路1號,"週一至週五 6:30-21:00
                週六、週日7:00-21:00","25.167270948440596, 121.44648454985742",02-2628-3613,,無,無,有,有,有,有,有,無,有
大溪慈湖門市,桃園市 大溪區 慈湖路22號,週一至週日 07:00-22:00,"24.8837831,121.289095",03-387-3399,,無,無,有,有,有,有,有,無,無
北科光華門市,台北市 大安區 新生南路一段1號光華館1樓,"週一至週五 07:30-19:00
週六至週日 8:00-16:30","25.044009579551975, 121.53322212153728",02-8771-6613,,無,無,有,有,有,有,有,無,無
台中科大門市,台中市 北區 中華路二段120之3號1樓、2樓,週一至週日 07:00-22:00,"24.152345799347405, 120.68228755415889",04-2208-0508,,無,無,有,有,有,有,有,無,無
苗栗縣府門市,苗栗縣 苗栗市 建功里民族路70-1與70-2號,週一至週日 07:00-21:30,"24.563385437048467, 120.81875116319297",037-366-886,,無,無,有,有,有,有,有,無,無
高雄一心門市,高雄市 前鎮區 一心二路39號,週一至週日 07:00-22:00,"22.61096712187406, 120.31109640877",07-331-1387,,無,無,有,有,有,有,有,無,無
大里國光門市,台中市 大里區 國光路二段147號1+2樓、149號1樓,週一至週日 07:00-21:30,"24.102621989400397, 120.68153693147143",04-2407-1177,,無,無,有,有,有,有,有,無,無
高雄覺民門市,高雄市 三民區 覺民路239-241號,週一至週日 07:00-22:00,"22.63961115232502, 120.33875426876197",07-381-3061,,無,無,有,有,有,有,有,無,無
TICC外貿協會門市,台北市 信義區 信義路五段1號 102會議室旁,週一至週日 07:00-17:00,"25.033334097275795, 121.56034996231061",02-2345-8613,,無,無,有,有,有,有,有,無,有
民生敦北門市,台北市 松山區 民生東路四段71號,週一至週日 07:00-21:00,"25.05802274717099, 121.5512365416694",02-2719-4613,,無,無,有,有,有,有,有,無,有
天母米蘭門市,台北市 北投區 天母西路132及132之1號,"週一至週五 07:00-21:30
               週六、週日 07:30-21:30","25.119097813600746, 121.5220963241967",02-2820-6613,,無,無,有,有,有,有,有,無,有
遠企四維門市,台北市 大安區 四維路170巷2號1樓,週一至週日 07:00-21:00,"25.028092807028017, 121.54791926258066",02-2325-6613,,無,無,有,有,有,有,有,無,有
忠孝新生門市,台北市 中正區 新生南路一段56號,週一至週日 07:00-19:00,"25.041178327978077, 121.53268593876365",02-2321-5613,,無,無,有,有,有,有,有,無,有
國防醫學院門市,台北市 內湖區 民權東路六段161號(博愛大樓1樓),7:00-17:00,"25.07124372027783, 121.59568786922527",02-8792-8530,,無,無,無,有,有,無,無,無,無
高雄華夏門市,高雄市 左營區 華夏路1303號,週一至週日 07:00-22:00,"22.68573706106594, 120.31112454215688",07-348-4613,,無,無,有,有,有,有,有,無,無
員林中山門市,彰化縣 員林市 中山路一段785號,週一至週日 07:00-21:00,"23.958395304047176, 120.57059522623204",04-831-0520,,無,無,有,有,有,有,有,無,無
象山藝文門市,台北市 信義區 信義路五段95號,週一至週日 07:00-21:00,"25.03340126943652, 121.57193897469324",02-8786-0393,,無,無,有,有,有,有,有,無,有
三重中華門市,新北市 三重區 中華路41號1樓、2樓,週一至週日 07:00-21:00,"25.061738373202285, 121.48361842345328",02-29711613,,無,無,有,無,有,有,有,無,無
葡眾內湖門市,台北市 內湖區 南京東路六段451巷33號、35號,週一至週日 07:00-21:00,"25.06162193007045, 121.58686109092204",02-2793-8613,,無,無,有,無,無,有,無,無,有
中崙大潤發門市,台北市 中山區 八德路二段306號B1,週一至週日 07:00-22:00,"25.045679415858093, 121.54290849289816",02-8772-5613,,無,無,有,有,有,有,有,無,有
國道湖口門市,新竹縣 湖口鄉 國強街1巷8號,週一至週日 07:00-21:00 連續假期會配合服務區規定調整營業時間,"24.857433242383696, 121.00986882597765",03-597-7630,,無,無,無,有,有,有,無,無,無
北醫大校區門市,台北市 信義區 吳興街250號,"週一至週五 07:00-21:00
週六 08:00-18:00
週日公休
寒暑假 週一至週五 08:00-18:00
週六、日公休","25.025854451171103, 121.56213649076979",02-2736-0613,,無,無,有,有,有,有,有,無,無
新店京站門市,新北市 新店區 中央路157號1樓,週一至週日 07:00-22:30,"24.97286314283689, 121.52989712759772",02-8913-6018,,無,無,有,有,有,有,有,無,無
林口文三門市,新北市 林口區 文化三路二段217-1號,7:00-20:00,"25.083521,121.376555",02-2600-5669,,無,無,有,有,有,有,有,無,無
湖口站前門市,新竹縣 湖口鄉 中山路二段176號,週一至週五 06:30-17:00 週六日 07:00-17:00,"24.903138813505333, 121.04457877012617",03-590-5152,,無,無,有,有,有,有,有,無,無
士林中正門市,台北市 士林區 中正路278號1F-3F,週一至週日 07:00-21:00,"25.094999757207052, 121.52386200344384",02-28333613,,無,無,有,有,有,有,有,無,有
埔里酒廠門市,南投縣 埔里鎮 中山路三段219號,7:00-21:00,"23.9680282,120.9595099",049-299-9323,,無,無,有,有,有,有,有,無,無
高雄後昌門市,高雄市 楠梓區 後昌路622號,7:00-21:00,"22.7083489,120.298999",07-363-8118,,無,無,有,有,有,有,有,無,無
光復南京門市,台北市 松山區 南京東路四段166號,"週一至週五 07:00-21:00
               週六、週日 08:00-21:00","25.0512799,121.556747",02-2545-9555,,無,無,有,有,有,無,有,無,無
台中高鐵門市,台中市 烏日區 站區二路8號,"週一至週四 06:00-21:00
週五至週日 06:00-22:00","24.11188109813099, 120.6156799800051",04-3600-0613,,無,無,有,有,有,有,有,無,有
萬華東園門市,台北市 萬華區 東園街106號,週一至週日 07:00-21:00,"25.0242348,121.4971493",02-2305-6613,,無,無,有,有,有,有,有,無,有
楊梅站前門市,桃園市 楊梅區 大成路165號,週一至週日 07:00-21:00,"24.9119764,121.1456587",03-488-2613,,無,無,有,有,有,有,有,無,無
高雄七賢門市,高雄市 新興區 林森一路230號,週一至週日 07:00-22:00,"22.6330553,120.3050522",07-281-0968,,無,無,有,有,有,有,有,無,無
新莊中悅門市,新北市 新莊區 中原路558號1樓,週一至週日 07:00-22:00,"25.054637636284713, 121.4451224827855",02-8522-9919,,無,無,有,有,有,有,有,無,無
亞大醫院門市,台中市 霧峰區 南柳里福新路222號B1,週一至週五 07:30-19:30 、週六 07:30-13:30,"24.053587069112744, 120.68602707391337",04-2331-0622,,無,無,無,有,有,有,無,無,無
鼎盛大樓門市,台中市 西屯區 市政北二路236號三樓之1 (櫃位307),(即將為您服務) 週一至週五 07:00-21:00,"24.16342419,120.6375545",,,無,無,無,無,無,無,無,無,無
堤頂407門市,台北市 內湖區 堤頂大道二段407巷24號1樓,"週一至週六 07:00-18:00
                週日公休","25.0811275351769, 121.56386104589565",02-2627-6613,,無,無,有,有,有,有,有,無,有
建國花市門市,台北市 大安區 信義路三段104號,週一至週日 07:00-21:00,"25.033292532502422, 121.5382310702455",02-2700-3613,,無,無,有,有,有,有,有,無,無
建成圓環門市,台北市 大同區 南京西路264號,週一至週日 07:00-21:00,"25.053714753603064, 121.5150164577087",02-2552-3613,,無,無,有,有,有,有,有,無,有
台積電Q廠門市,桃園市 龍潭區 龍園六路101號A2,週一至週五 07:30-19:00 週六、週日公休,"24.883609592992553, 121.18555614994295",03-563-6688 分機: 7214519,,無,無,有,有,有,有,有,無,無
仁愛明曜門市,台北市 大安區 仁愛路四段151巷25號,週一至週五 07:00-21:00,"25.0395176,121.5520266",02-2731-3613,,無,無,有,有,有,有,有,無,有
三重集智門市,新北市 三重區 集智街56號,週一至週日 07:00-21:00,"25.0874004,121.4861039",02-2857-8613,,無,無,有,有,有,有,有,無,無
東山和順門市,台中市 北屯區 東山路一段318-1號,週一至週日 07:00-21:00,"24.175894821833918, 120.72237837887124",04-2437-3689,,無,無,有,有,有,有,有,無,無
台中民權門市,台中市 中區 民權路60號,週一至週日07:00-21:00,"24.1371963,120.6809351",04-2222-5790,,無,無,有,有,有,有,有,無,無
水萍塭門市,台南市 中西區 海安路一段96號,週一至週日 07:00-21:00,"22.9893599,120.1953272",06-223-6333,,無,無,有,有,有,無,無,無,無
見潭傑仕堡門市,台北市 士林區 承德路四段250號,週一至週日 07:00-17:00,"25.0891784,121.5204553",02-2883-8613,,無,無,有,有,有,有,有,無,有
瑞光316門市,台北市 內湖區 瑞光路316巷58號,週一至週五 07:00-18:00 週六、週日公休,"25.075882,121.5731649",02-2658-8613,,無,無,無,無,無,有,有,無,有
南海門市,台北市 中正區 南海路36號,週一至週日 07:00-17:00,"25.032181,121.515919",02-2321-1613,,無,無,無,無,有,有,有,無,有
和平麟光門市,台北市 大安區 和平東路三段310號1樓,週一至週日 07:00-17:00,"25.02033673408845, 121.55647880689156",02-2377-5613,,無,無,有,有,有,有,有,無,有
南港CITYLINK門市,台北市 南港區 忠孝東路七段369號,週一至週日 08:00-22:00,"25.052591104421477, 121.60612969243974",02-2653-8613,,無,無,無,有,有,有,無,無,無
忠孝松山門市,台北市 信義區 忠孝東路五段514號,平日07:00~16:30 週六假日07:30~16:30,"25.041199,121.579054",02-2727-9696,,無,無,有,有,有,有,有,無,無
昆明門市,台北市 萬華區 昆明街86號,週一至週日 07:30-22:00,"25.0453265,121.5053333",02-2388-1086,,無,無,有,有,有,有,有,無,無
新竹食品門市,新竹市 東區 食品路63號,週一至週日 07:00-21:00,"24.7987882,120.9791746",03-572-5588,,無,無,無,有,有,無,有,無,無
漢口崇德門市,台中市 北區 漢口路四段316號,07:00-21:00,"24.1668896,120.6837954",04-2234-1613,,無,無,有,有,有,有,有,無,有
松山蔦屋門市,台北市 信義區 松山路11號3樓,周一至周日 07:00-21:00,"25.04928138466398, 121.57828544456714",02-2748-6613,,無,無,無,有,有,有,有,無,無
民權西門市,台北市 中山區 民權西路3號、5號,週一至週日 07:00-22:00,"25.06295914717059, 121.52211374819603",02-2598-8613,,無,有,有,有,有,有,有,有,有
土城青雲門市,新北市 土城區 青雲路240號,07:00-21:00,"24.9805289,121.4589371",02-8273-1393,,無,無,無,有,有,有,有,無,無
清大圖書館門市,新竹市 東區 光復路二段101號(國立清華大學圖書館-旺宏館),週一至週日 07:30-20:00,"24.795616889765498, 120.99497708365169",03-5721613,,無,無,無,無,無,有,有,無,有
台中漢翔門市,台中市 西屯區 福星北路50號1樓,07:00-20:00,"24.18405719190223, 120.64483913695133",04-2706-6613,,無,無,無,無,無,有,有,無,有
忠孝善導寺門市,台北市 中正區 忠孝東路一段148號,週一至週日 07:00-21:00,"25.0440206,121.5256897",02-2395-6613,,無,無,無,有,有,有,有,無,有
台科醫揚門市,台北市 大安區 基隆路三段155巷57號,08:00-17:00,"25.0144825,121.5444065",02-2736-3613,,無,無,無,有,有,有,有,無,無
萬華青年公園門市,台北市 萬華區 青年路14號1樓,07:00-17:00,"25.02606800126109, 121.50584921152819",02-2305-8613,,無,無,無,無,有,有,有,無,有
國道石碇門市,新北市 石碇區 文山路一段6號(石碇服務區),週一至週五07:00-20:00 週六至週日07:00-21:00,"25.008995431539024, 121.64545671406057",02-2663-3613,,無,無,無,無,有,有,有,無,無
陽明交通大學門市,新竹市 大學路1001號女二舍1F,週一至週日 07:00-21:00,"24.784583413556888, 120.99949200121716",03-5722613,,無,無,無,有,有,有,有,無,無
新莊中正旗艦門市,新北市 新莊區 中正路285號,週一至週日07:00-22:00,"25.0054195,121.4201603",02-2208-1613,,無,無,有,有,有,有,有,無,有
通化門市,台北市 大安區 通化街1號,週一至週日07:00-21:00,"25.0322375,121.5544274",02-2700-5613,,無,無,無,有,有,有,有,無,有
港墘門市,台北市 內湖區 港墘路123號1F+B1F,週一至週日07:00-21:00,"25.07817202913733, 121.57626110671207",02-2657-8613,,無,無,無,有,有,有,有,無,有
忠孝頂好門市,台北市 大安區忠孝東路四段71號1F,(即將為您服務) 週一至週五07:00-20:00 週六至週日07:00-21:00,"25.0418735,121.5468813",,,無,無,無,無,無,無,無,無,無
研究院路門市,台北市 南港區 忠孝東路七段620號B1+1F,週一至週日 07:00-21:00,"25.052970396536224, 121.61590460783327",02-2783-1613,,無,無,無,有,有,有,有,無,有
北大學勤門市,新北市 樹林區 學勤路259號,週一至週日07:00-21:00,"24.948344,121.3791042",02-8970-1613,,無,無,有,有,有,有,有,無,有
信義吳興門市,台北市 信義區 基隆路二段16號,週一至週日07:00-21:00,"25.03211,121.5588005",02-2723-3613,,無,無,無,有,有,有,有,無,有
北捷x路易莎 聯名 旗艦門市,台北市 中山區中山北路二段48巷7號,週一至週五07:00-20:00 週六至週日07:00-21:00,"25.0558842,121.5212553",02-25112613,,無,無,有,有,有,有,有,無,無
竹南站前門市,苗栗縣 竹南鎮 民族街81號,週一至週日07:00-21:00,"24.6864402,120.8783174",037-550477,,無,無,無,有,有,無,有,無,無
八德國民運動中心門市,桃園市 八德區 廣福路230號,週一至週日07:00-21:00,"24.9598943,121.2939178",03-375-9625,,無,無,有,有,有,無,有,無,無
南投車埕門市,南投縣 水里鄉 車埕村民權巷127號,週一至週日09:00-17:30,"23.8320191,120.8657969",049-277-4088,,無,無,有,有,有,無,有,無,無
玉山總部門市,台北市 松山區 敦化北路315號、315之1號 1樓,週一至週日07:00-21:00,"25.059092044835808, 121.55026413656839",02-2719-8613,,無,有,有,有,有,有,有,無,有
中和連城門市,新北市 中和區 連城路469-1號,週一至週日07:00-21:00,"24.995761,121.4834131",02-2221-5700,,無,無,有,有,有,無,有,無,無
沅陵門市,台北市 中正區 沅陵街6號,週一至週日07:00-21:00,"25.042737,121.512824",02-2331-7677,,無,無,有,有,有,無,有,無,無
霧峰樹仁門市,台中市 霧峰區 樹仁路52號,週一至週日07:00-21:00,"24.0636404,120.6968917",04-2332-8886,,無,無,有,有,有,無,有,無,無
亞東誠品門市,新北市 板橋區 南雅南路二段21號B1,週一至週日07:00-20:00,"24.99725635503459, 121.45276722889608",02-8966-7676,,無,無,有,有,有,無,有,無,無
錦州門市,台北市 中山區 錦州街3號,週一至週日07:00-21:00,"25.0604461,121.5237897",02-2562-6613,,無,無,無,有,有,有,有,無,有
彰化北斗門市,彰化縣 北斗鎮 中山路二段57號,週一至週日07:00-22:00,"23.8750309,120.5183403",04-887-7585,,無,無,有,有,有,有,有,無,無
健康門市,台北市 松山區 健康路9號,週一至週日07:00-21:00,"25.0530598,121.552448",02-2719-6823,,無,無,有,有,有,有,有,無,無
南京新生門市,台北市 中山區 南京東路二段6號1樓,週一 - 週四 7:00 - 18:00 週五 7:00 - 15:00 六日 見紅為休息日,"25.051886116390364, 121.52826870801718",02-2536-1232,,無,無,有,有,有,有,有,無,無
天母門市,台北市 士林區 中山北路七段141巷2號,"週一至週五7:00~20:00
週六~週日7:30~20:00","25.1231638,121.5319292",02-2872-5613,,無,無,無,有,有,有,有,無,無
中山國中門市,台北市 中山區 錦州街436號,週一至週日07:00-19:00,"25.060031,121.542822",02-2507-6613,,無,無,無,有,有,有,有,無,有
微風南山門市,台北市 信義區 松智路17號(微風南山2F),"週一至週三07:30-21:30
週四至週五 07:30-22:00
週六 10:00-22:00(含例假日前夕)
週日 10:00-21:30","25.03450217032916, 121.56702405204537",02-2722-6613,,無,無,無,有,有,有,有,無,無
高雄大社門市,高雄市 大社區大社路42號,週一至週日7:00-22:00,"22.7331666,120.3485052",07-352-7688,,無,無,有,無,有,有,有,無,無
新竹立鵬門市,300新竹市 東區 立鵬路158號,週一至週日 07:00-21:00,"24.7918636,121.0113794",03-6667899,,無,無,有,有,有,有,有,無,無
華城社區門市,新北市 新店區 中正路696號1樓,週一至週日 07:00-20:00,"24.990521653097236, 121.53418044775545",02-22193613,,無,無,有,有,有,有,有,無,無
榮德山西門市,台中市 北屯區 榮德路263號,週一至週日7:00-21:00,"24.18265161466749, 120.67818935461308",04-23696263,,無,無,有,有,有,無,有,無,無
台北醫院門市,新北市 新莊區 思源路127號,週日 公休 週一～週五7:00～18:00 週六7:00～14:00,"25.0429446,121.4594267",02-29901399,,無,無,無,有,有,有,有,無,無
正義國宅門市,台北市 大安區 忠孝東路三段172號,週一至週日 07:00-22:00,"25.0414607,121.5386876",02-2731-6613,,無,無,無,有,有,有,有,無,無
草屯中正門市,南投縣 草屯鎮 中正路844號,週一至週日 07:00-21:00,"23.983842,120.686036",049-236-7719,,無,無,有,有,有,有,有,無,無
新店耕莘門市,新北市 新店區 中正路368號1-2F,週一至週日7:00~21:30,"24.976259658649614, 121.53520473801031",02-22193668,,無,無,有,有,有,有,有,無,無
新竹兒童馬偕醫院門市,新竹市 東區 建功二路28號1F,"週一至週五7:00-21:00
週末、國定假日7:00-18:00","24.797347279993158, 121.00287896906686",03-5751360,,無,無,有,有,有,有,有,無,無
松山高中門市,台北市 信義區 基隆路一段188-1號1樓,週一至週日7:00-21:00,"25.04209862583049, 121.56475718251747",02-27568099,,無,無,有,有,有,有,有,無,有
科技大樓門市,台北市 大安區 和平東路二段255號,"週一至週五7:00-20:30
週末、國定假日7:00-17:00","25.0250626,121.5438389",02-27840658,,無,無,有,有,有,有,有,無,無
金城延和門市,新北市 土城區 金城路三段195號,週一至週日 07:00-21:00,"24.9891208,121.4700235",02-2270-1395,,無,有,有,有,有,有,有,無,無
仁武八卦門市,高雄市 仁武區 京吉六路27號,週一至週6:30-21:30,"22.6843098,120.3427679",(07)375-2086,,無,無,有,有,無,有,有,無,無
部立桃園醫院門市,桃園市 桃園區 中山路1492號,"週一至週五7:00-17:00
週末/國定假日8:00-17:00","24.9779184,121.2670189",03-3706613,,無,無,無,有,有,有,有,無,無
合江門市,台北市 中山區 合江街27、29號1F,週一至週日 07:00-21:00,"25.055401738167436, 121.53919582741158",02-2503-6613,,無,無,有,有,有,有,有,無,無
板橋中正門市,新北市 板橋區 中正路237號,一~日07:00~21:00,"25.017987275927112, 121.45586255804895",02-2965-8613,,無,有,有,有,有,有,有,無,無
潭子勝利門市,台中市 潭子區 勝利路246號1.2樓,週一至週日 06:30-20:00,"24.211900895403055, 120.70060605140746",04-2535-8613,,無,有,有,有,有,有,有,無,有
敦南遠企,台北市 大安區 敦化南路二段277號1F,週一至週日 07:30-21:00,"25.024878245204764, 121.54908071131543",02-27386868,,無,無,無,有,有,有,有,無,無
信義敦南,台北市 大安區 信義路四段116號 B1.1F,週一至週日 07:00-21:00,"25.033134639795076, 121.54926085659713",02-2701-3681,,無,無,有,有,有,有,有,無,無
北城科大實習門市,台北市 北投區 學原路2號 愛園大樓,一～五07:30~20:00/六～日09:00~18:00,"25.132597539496384, 121.46793762760679",(02)2892-7154#6021,,無,有,有,有,有,有,無,無,無
蘆洲民族門市,新北市 蘆洲區 民族路366號,週一至週日07:00~20:00,"25.0910024,121.4759104",02-28487220,,無,無,有,有,有,有,有,無,無
阿里山觸口門市,嘉義縣 番路鄉 觸口村車埕51號,週一至週日7:30~17:30,"23.44600320426193, 120.58592448080053",05-2590019,,無,無,有,無,有,有,無,無,無
員林大同96門市,彰化縣 員林市 大同路二段96號,週一至週日7:30~19:30,"23.96879133427904, 120.57760718683016",04-8336683,,無,無,有,有,有,有,有,無,無
英業達總部門市,台北市 士林區 承德路四段166號1樓,週一至週日7:30~17:00,"25.085607707854845, 121.52287578396421",02-28801613,,無,無,有,有,有,有,無,無,無
幸福微微門市,新北市 新莊區 幸福路788號 1F、2F,週一至週日 07:00-20:00,"25.04921379795416, 121.44671349802024",02-22795613,,無,有,有,有,有,有,無,無,無
忠孝延吉門市,台北市 大安區 延吉街137巷4號,週一至週日 07:00-20:00,"25.0419054,121.5546514",02-87719797,,無,有,有,有,有,有,有,無,無
板橋府中門市,新北市 板橋區 重慶路32號,週一至週日7:00-21:00,"25.0075754,121.4612783",02-29527899,,無,無,有,有,有,有,有,無,無
板橋三民門市,新北市 板橋區 三民路二段141號,週一至週日7:00-21:00,"25.0151747,121.4793835",02-29552968,,無,無,有,有,有,有,有,無,無
士林至誠門市,台北市 士林區 至誠路二段35號1F+B1,週一至週日7:00-21:00,"25.101730149863144, 121.52899496285015",02-28355613,,無,無,有,有,有,有,有,無,無
蘆竹中山門市,桃園市 蘆竹區 中山路20號,週一到週日7:00～21:00,"25.0515208,121.3011898",03-3228613,,無,有,有,有,有,有,有,無,無
七張捷運門市,新北市 新店區 北新路二段166號,週一至週日 07:00-21:30,"24.9756359,121.5431648",02-8911-6088,,無,有,有,有,有,有,有,無,無
松山工農門市,台北市 信義區 忠孝東路五段236巷6-2號 1F、B1F,週一至週日 07:00-21:00,"25.040283576709868, 121.5717700345364",02-87898613,,無,無,有,有,有,有,有,無,無
八德建德門市,桃園市 八德區 建德路188號,週一至週日 07:00-21:00,"24.928233833072095, 121.2813177950987",03-3681-313,,無,無,有,有,有,有,有,無,無
士林捷運門市,台北市 士林區中正路224號,週一至週日 07:00-22:00,"25.095512,121.5259846",02-2832-0613,,無,無,有,有,有,有,有,無,無
蘆洲湧蓮門市,新北市 蘆洲區 中正路78號,週一至週日 07:00-21:00,"25.0836279,121.4703301",02-82812613,,無,無,有,有,有,有,有,無,無
Y17門市,台北市 中正區 仁愛路一段17號1樓,週一至週日 07:00-18:00,"25.039131027430905, 121.52223120227866",02-23225613,,無,無,有,有,有,有,有,無,有
桃園大有門市,桃園市 桃園區 大有路366號,週一至週日 07:00-19:00,"25.0102999,121.3193131",03-3587613,,無,無,有,有,有,有,有,無,無
新竹金山門市,新竹市 東區 金山六街33號1F,週一至週日 07:00-16:00,"24.7775165,121.0171602",03-5790073,,無,無,有,有,有,有,有,無,無
基隆愛二門市,基隆市 仁愛區 愛二路72號,週一至週日 07:00-22:00,"25.1295,121.7426049",02-24267100,,無,有,有,有,有,有,有,無,無
明志科大門市,新北市 泰山區 明志路三段193號,週一至週日 07:00-21:00,"25.0388055,121.4243283",02-2906-9613,,無,無,有,有,有,有,有,無,無
羅斯和平門市,台北市 中正區 羅斯福路二段56號1樓+B1,週一至週日 07:00-21:00,"25.027777530965558, 121.52166787347808",02-23216613,,無,無,有,有,有,有,有,無,有
高雄義大門市,高雄市 大樹區 三和里學城路一段5號12號C區LB樓,"週一至週五 11:00-22:00
週六至周日 10:00-22:00","22.729821087678385, 120.40644467128728",07-6568213,,無,無,有,有,有,有,有,無,無
沙鹿靜宜門市,台中市 沙鹿區 英才路102號,週一至週日 07:00-17:00,"24.225822249756185, 120.57140720117555",04-2631-1232,,無,無,有,有,有,有,有,無,無
蘆洲佳瑪門市,新北市 蘆洲區 九芎街90巷27號1樓,週一至週日 07:00-21:00,"25.081363657474732, 121.46456829711553",02-2289-6613,,無,無,有,有,有,有,有,無,無
暨南大學門市,南投縣 埔里鎮 大學路501號,週一至週日 08:00-17:00,"23.949837643311596, 120.92601799326515",049-2915615,,無,無,有,有,有,有,有,無,無
元智大學門市,桃園市 中壢區 遠東路135號,週一至週五 07:00-20:00,"24.970072557477533, 121.26804918036136",03-2854613,,有,有,有,有,有,有,有,無,無
中和安平門市,新北市 中和區 景平路402之2號,週一至週日 07:00-19:00,"24.993261,121.5092318",02-2252-5555,,無,無,有,有,有,有,有,無,無
虎科大門市,雲林縣 虎尾鎮 文化路64號,"週一至週五 08:00-17:30
週六至週日 08:00-17:00
遇國定假日和寒暑假依公告為主","23.7032948,120.4300871",05-6311-788,,無,無,有,有,有,有,有,無,無
太平中山門市,台中市 太平區 中山路四段31號,週一至週日 07:00-22:00,"24.1498742,120.7120623",04-2395-6956,,無,無,有,有,有,有,有,無,無
中原家樂福門市,桃園市 中壢區 中華路二段501號1F,週一至週日 07:30-21:00,"24.962365223040862, 121.23241850925136",03-4356613,,無,無,無,有,有,有,有,無,無
桃園青溪門市,桃園市 桃園區 中山東路108號,週一至週六：07:00-21:30 週日 07:00-21:00,"24.9969224,121.3183363",03-3339989,,無,無,有,有,有,有,有,無,無
汐科車站門市,新北市 汐止區大同路二段182號(汐科車站北站),週一至週日 07:00-17:00,"25.06417863171046, 121.65254392551385",02-2691-9613,,無,無,無,有,有,有,有,無,無
彰化田中門市,彰化縣 田中鎮 斗中路一段163號,週一至週日 07:00-18:00,"23.860872,120.5813597",04-8748-668,,無,有,有,有,有,有,有,無,無
中教大門市,台中市 西區 五權路61號及61-1號,"寒暑假每日 07:00-18:00
開學每日 07:00-21:00","24.145144021796, 120.67076992512976",04-2224-5058,,無,有,有,有,有,有,有,無,無
東海東園門市,台中市 龍井區 台灣大道五段3巷62弄16號,週一至週日 07:00-21:00,"24.1818522,120.5921128",04-2652-5557,,無,有,有,有,有,有,有,無,無
廈門門市,台北市 中正區 廈門街77-2號,週一至週日 07:30-17:30 周二公休,"25.0246203,121.5175204",02-2368-8333,,無,無,有,有,有,有,有,無,無
文化大學門市,台北市 士林區 華岡路55號大忠館1樓 304櫃位,週一至週五 07:00-19:00,"25.135643225727485, 121.5380924374304",02-2861-0610,,無,無,有,有,有,有,有,無,有
中和大潤發門市,新北市 中和區 中山路二段228號,未知,"25.0029136862373, 121.49872346441781",02-2245-5508,,無,無,有,有,有,有,有,無,無
力成科技門市,新竹縣 湖口鄉 大同路15-1號6樓,未知,"24.870431272225563, 120.9991898702999",03-597-6613,,無,無,有,有,有,有,有,無,有
宜蘭傳藝門市,宜蘭縣 五結鄉 五濱路二段201號(傳藝中心觀景樓),週一至週日 09:00-18:30,"24.68410659716109, 121.82407051547334",03-9500-065,,有,無,有,有,有,有,有,無,無
竹北嘉豐門市,新竹縣 竹北市 嘉豐一街33號,週一至週日 07:00-21:00,"24.8167811,121.0294243",03-657-9101,,無,無,有,有,有,有,有,無,無
嘉義垂楊門市,嘉義市 西區 垂楊路394、396、398號,週一至週日 07:00-20:00,"23.474011930229153, 120.44996061690863",05-222-3295,,無,無,有,有,有,有,有,無,無
高雄捷運左營站門市,高雄市 左營區 菜公里27鄰高鐵路107號B1,週一至週日 07:00-21:00,"22.68790341296764, 120.30902694768612",07-5810-613,,無,無,有,有,有,有,有,無,有
聯合報大樓門市,新北市 汐止區 大同路一段369號,週一至週五 08:00-17:00,"25.0613016,121.6408506",02-8692-1613,,無,無,無,無,有,有,有,無,有
中研院門市,台北市 南港區 研究院路二段130號,週一至週日 08:00-17:00,"25.0394332,121.6160081",02-2783-3381,,無,無,有,有,有,有,有,無,無
台積電P7門市,台南市 善化區 三抱竹路1號,週一至週五 07:30-19:00,"23.1083622,120.2677489",06-505-0589,,無,無,無,有,有,有,有,無,無
南港台肥大樓門市,台北市 南港區 經貿一路170號2樓-5,週一至週五 7:30-17:00,"25.057759248441673, 121.61863653854314",02-2785-0613,,無,無,有,有,有,有,有,無,無
汐止東科門市,新北市 汐止區 新台五路一段96號C1,週一至週五 07:00-18:00,"25.060417395677554, 121.64827928876454",02-8696-1234,,無,無,有,有,有,有,有,無,無
政大萬壽門市,台北市 文山區 萬壽路27號,週一至週日 07:00-21:00,"24.988709739457356, 121.57656208442481",02-2938-1388,,無,無,有,有,有,有,有,無,有
台北轉運站門市,台北市 大同區 承德路一段1號,週一至週日 11:00-21:30,"25.0492576,121.5171959",02-2558-0613,,無,無,有,有,有,有,有,無,無
健安新城門市,台北市 松山區 三民路29巷6號,週一至週日 07:00-19:00,"25.0551324,121.5627331",02-2748-0613,,無,無,有,有,有,有,有,無,有
台中中清門市,台中市 北區 中清路一段712號,週一至週日 07:00-21:00,"24.1688782,120.6728158",04-2293-0613,,無,無,有,有,有,有,有,無,有
東海大學門市,台中市 西屯區 台灣大道四段1727號(東海大學第二校區商學大樓M161室),"週一至週五 07:30-20:30
週六至週日 8:30-17:00","24.182255359128575, 120.61164603521753",04-2463-8585,,無,有,有,有,有,有,有,無,無
頭份公園門市,苗栗縣 頭份市 公園二街179號,週一至週日 06:30-21:00,"24.6935219,120.8878709",03-7611-622,,無,無,有,有,有,有,有,無,無
高科大門市,高雄市 燕巢區 大學路1號2樓,週一至週五 7:00-18:00,"22.75577185195512, 120.33538842142511",07-611-1106,,無,無,有,有,有,有,有,無,無
新莊嘉軒,新北市 新莊區 新北大道三段79號,週一至週日 08:00-16:00,"25.0600927,121.4539951",02-8521-5613,,無,無,無,有,無,無,有,無,有
中原大學門市,桃園市 中壢區 中北路200號,週一至週日 07:30-21:00,"24.9563412,121.2452067",03-436-0613,,有,有,有,有,有,有,有,無,無
新竹公園,新竹市 東區 公園路133號,"週一至週五 8:00-17:00
假日 8:00-20:00","24.800299389807, 120.97732607691287",03-5610889,,無,有,有,有,有,有,有,無,無
大巨蛋門市,台北市 信義區 忠孝東路四段515號(C區B2F-B2221),週一至週日 10:00-21:30,"25.04270378377265, 121.55834211393203",02-2769-0613,,無,無,無,有,有,有,有,無,無
新竹伊普索門市,新竹市 東區 公道五路二段111號,週一至週五 07:00-18:00,"24.798721,121.0055086",03-5720579,,無,無,無,有,無,無,有,無,有
三義車亭門市,苗栗縣 三義鄉 西湖村下湖5-10號,"週一至週四 07:30-17:30
週五至週日 07:30-19:00","24.389990341831602, 120.75858355344921",03-787-7899,,無,有,有,有,有,有,有,無,無
竹南台積電門市(即將開幕),苗栗縣 竹南鎮 科專七路,未知,"24.705556, 120.900833",,,無,有,無,有,有,有,無,無,無
新竹台積電門市,新竹縣 寶山鄉 園區二路166號B1,週一至週五 07:30-19:00,"24.7717915,121.0111297",03-5798401,,無,無,無,有,有,有,無,無,無
楠梓光寶門市,高雄市 楠梓區 內環北路101號,週一至週五 7:00-19:00,"22.7241848,120.3013275",07-3613613,,無,無,有,有,有,有,有,無,無
楠梓日月光門市,高雄市 楠梓區 中二街35號,週一至週六 07:00-20:00,"22.7226179,120.3018045",07-3612613,,無,有,有,有,有,有,有,有,無
洲子110門市,台北市 內湖區 洲子街110號1樓,週一至週日 7:00-19:00,"25.0804455,121.5695924",02-87510613,,無,無,有,有,有,有,有,無,有
新店矽谷門市(即將開幕),新北市 新店區北新路三段213號1樓,週一至週五 07:00-20:00 週六至週日 8:00-17:00,"24.9859558,121.539835",02-29160613,,無,無,有,有,有,有,有,無,有
雲林北港門市(即將開幕),雲林縣 北港鎮 公園路7號,週一至週日 07:00-21:00,"23.572846,120.3030079",05-7732611,,無,無,有,有,有,有,有,無,無
