门市名称,星期一,星期二,星期三,星期四,星期五,星期六,星期日
土城大潤發門市,星期一、10:00 到 21:30;,星期二、10:00 到 21:30. ,星期三、10:00 到 21:30;,星期四、10:00 到 21:30;,星期五、10:00 到 21:30;,星期六、09:30 到 21:30;,星期日、09:30 到 21:30;
學勤北大門市,星期一、06:30 到 21:30;,星期二、06:30 到 21:30. ,星期三、06:30 到 21:30;,星期四、06:30 到 21:30;,星期五、06:30 到 21:30;,星期六、06:30 到 21:30;,星期日、06:30 到 21:30;
樹林中山門市,星期一、07:00 到 21:00;,星期二、07:00 到 21:00. ,星期三、07:00 到 21:00;,星期四、07:00 到 21:00;,星期五、07:00 到 21:00;,星期六、07:00 到 21:00;,星期日、07:00 到 21:00;
三峽學成門市,星期一、07:00 到 21:30;,星期二、07:00 到 21:30. ,星期三、07:00 到 21:30;,星期四、07:00 到 21:30;,星期五、07:00 到 21:30;,星期六、07:00 到 21:30;,星期日、07:00 到 21:30;
土城日月光門市,星期一、11:00 到 21:30;,星期二、11:00 到 21:30. ,星期三、11:00 到 21:30;,星期四、11:00 到 21:30;,星期五、11:00 到 22:00;,星期六、09:00 到 22:00;,星期日、09:00 到 21:30;
樹林秀泰門市,星期一、08:00 到 22:00;,星期二、08:00 到 22:00. ,星期三、08:00 到 22:00;,星期四、08:00 到 22:00;,星期五、08:00 到 22:00;,星期六、08:00 到 22:00;,星期日、08:00 到 22:00;
土城門市,星期一、07:00 到 21:00;,星期二、07:00 到 21:00. ,星期三、07:00 到 21:00;,星期四、07:00 到 21:00;,星期五、07:00 到 21:00;,星期六、08:00 到 21:00;,星期日、08:00 到 21:00;
亞東門市,星期一、06:30 到 19:00;,星期二、06:30 到 19:00. ,星期三、06:30 到 19:00;,星期四、06:30 到 19:00;,星期五、06:30 到 19:00;,星期六、06:30 到 19:00;,星期日、06:30 到 17:00;
土城金城門市,星期一、07:00 到 21:00;,星期二、07:00 到 21:00. ,星期三、07:00 到 21:00;,星期四、07:00 到 21:00;,星期五、07:00 到 21:00;,星期六、07:00 到 21:00;,星期日、07:00 到 21:00;
板橋遠科門市,星期一、07:30 到 18:00;,星期二、07:30 到 18:00. ,星期三、07:30 到 18:00;,星期四、07:30 到 18:00;,星期五、07:30 到 18:00;,星期六、休息;,星期日、休息;
鶯歌門市,星期一、07:00 到 21:00;,星期二、07:00 到 21:00. ,星期三、07:00 到 20:30;,星期四、07:00 到 21:00;,星期五、07:00 到 21:00;,星期六、07:00 到 21:00;,星期日、07:00 到 21:00;
龜山迴龍門市,星期一、07:00 到 21:00;,星期二、07:00 到 21:00. ,星期三、07:00 到 21:00;,星期四、07:00 到 21:00;,星期五、07:00 到 21:00;,星期六、07:00 到 21:00;,星期日、07:00 到 21:00;
板橋忠孝門市,星期一、06:30 到 21:00;,星期二、06:30 到 21:00. ,星期三、06:30 到 21:00;,星期四、06:30 到 21:00;,星期五、06:30 到 21:00;,星期六、06:30 到 21:00;,星期日、06:30 到 21:00;
板中門市,星期一、06:30 到 22:00;,星期二、06:30 到 22:00. ,星期三、06:30 到 22:00;,星期四、06:30 到 22:00;,星期五、06:30 到 22:00;,星期六、06:30 到 22:00;,星期日、06:30 到 22:00;
新莊雙鳳門市,星期一、07:00 到 21:30;,星期二、07:00 到 21:30. ,星期三、07:00 到 21:30;,星期四、07:00 到 21:30;,星期五、07:00 到 21:30;,星期六、07:30 到 21:30;,星期日、07:30 到 21:30;
遠百中山門市,星期一、11:00 到 22:00;,星期二、11:00 到 22:00. ,星期三、11:00 到 22:00;,星期四、11:00 到 22:00;,星期五、11:00 到 22:00;,星期六、11:00 到 22:00;,星期日、11:00 到 22:00;
板橋車站門市,星期一、06:00 到 22:30;,星期二、06:00 到 22:30. ,星期三、06:00 到 22:30;,星期四、06:00 到 22:30;,星期五、06:00 到 22:30;,星期六、06:00 到 22:30;,星期日、06:00 到 22:30;
板站1F門市,星期一、07:00 到 22:00;,星期二、07:00 到 22:00. ,星期三、07:00 到 22:00;,星期四、07:00 到 22:00;,星期五、07:00 到 22:00;,星期六、07:00 到 22:00;,星期日、07:00 到 22:00;
板橋大遠百門市,星期一、09:00 到 22:00;,星期二、09:00 到 22:00. ,星期三、09:00 到 22:00;,星期四、09:00 到 22:00;,星期五、09:00 到 22:00;,星期六、11:00 到 22:00;,星期日、11:00 到 22:00;
板大遠百9F門市,星期一、11:00 到 22:00;,星期二、11:00 到 22:00. ,星期三、11:00 到 22:00;,星期四、11:00 到 22:00;,星期五、11:00 到 22:00;,星期六、11:00 到 22:00;,星期日、11:00 到 22:00;
環球門市,星期一、10:30 到 22:00;,星期二、10:30 到 22:00. ,星期三、10:30 到 22:00;,星期四、10:30 到 22:00;,星期五、10:30 到 22:00;,星期六、10:30 到 22:00;,星期日、10:30 到 22:00;
新莊尚德門市,星期一、07:30 到 18:00;,星期二、07:30 到 18:00. ,星期三、07:30 到 18:00;,星期四、07:30 到 18:00;,星期五、07:30 到 18:00;,星期六、08:00 到 18:00;,星期日、08:00 到 18:00;
中和遠科門市,星期一、07:30 到 18:00;,星期二、07:30 到 18:00. ,星期三、07:30 到 18:00;,星期四、07:30 到 18:00;,星期五、07:30 到 18:00;,星期六、休息;,星期日、休息;
板橋新海門市,星期一、07:00 到 21:00;,星期二、07:00 到 21:00. ,星期三、07:00 到 21:00;,星期四、07:00 到 21:00;,星期五、07:00 到 21:00;,星期六、07:00 到 21:00;,星期日、07:00 到 21:00;
中科門市,星期一、07:00 到 20:00;,星期二、07:00 到 20:00. ,星期三、07:00 到 20:00;,星期四、07:00 到 20:00;,星期五、07:00 到 20:00;,星期六、08:00 到 18:00;,星期日、08:00 到 18:00;
板橋新埔門市,星期一、07:00 到 21:30;,星期二、07:00 到 21:30. ,星期三、07:00 到 21:30;,星期四、07:00 到 21:30;,星期五、07:00 到 21:30;,星期六、07:30 到 21:30;,星期日、07:30 到 21:30;
立言門市,星期一、07:00 到 17:00;,星期二、07:00 到 17:00. ,星期三、07:00 到 17:00;,星期四、07:00 到 17:00;,星期五、07:00 到 17:00;,星期六、休息;,星期日、休息;
龜山萬壽門市,星期一、07:00 到 21:00;,星期二、07:00 到 21:00. ,星期三、07:00 到 21:00;,星期四、07:00 到 21:00;,星期五、07:00 到 21:00;,星期六、07:00 到 21:00;,星期日、07:00 到 21:00;
雙和醫院門市,星期一、07:00 到 21:00;,星期二、07:00 到 21:00. ,星期三、07:00 到 21:00;,星期四、07:00 到 21:00;,星期五、07:00 到 21:00;,星期六、07:00 到 17:00;,星期日、09:00 到 17:00;
板橋新巨蛋門市,星期一、07:00 到 21:30;,星期二、07:00 到 21:30. ,星期三、07:00 到 21:30;,星期四、07:00 到 21:30;,星期五、07:00 到 22:00;,星期六、07:30 到 22:00;,星期日、07:30 到 21:30;
板橋萬板門市,星期一、07:30 到 20:00;,星期二、07:30 到 20:00. ,星期三、07:30 到 20:00;,星期四、07:30 到 20:00;,星期五、07:30 到 20:00;,星期六、07:30 到 20:00;,星期日、07:30 到 20:00;
新莊中正門市,星期一、07:00 到 21:00;,星期二、07:00 到 21:00. ,星期三、07:00 到 21:00;,星期四、07:00 到 21:00;,星期五、07:00 到 21:00;,星期六、07:00 到 21:00;,星期日、07:00 到 21:00;
桃園美光門市,星期一、07:30 到 17:30;,星期二、07:30 到 17:30. ,星期三、07:30 到 17:30;,星期四、07:30 到 17:30;,星期五、07:30 到 17:30;,星期六、休息;,星期日、休息;
桃鶯門市,星期一、07:00 到 21:00;,星期二、07:00 到 21:00. ,星期三、07:00 到 21:00;,星期四、07:00 到 21:00;,星期五、07:00 到 21:00;,星期六、07:30 到 21:00;,星期日、07:30 到 21:00;
中和連城門市,星期一、07:00 到 21:30;,星期二、07:00 到 21:30. ,星期三、07:00 到 21:30;,星期四、07:00 到 21:30;,星期五、07:00 到 21:30;,星期六、07:00 到 21:30;,星期日、07:00 到 21:30;
新莊新泰門市,星期一、07:00 到 20:30;,星期二、07:00 到 20:30. ,星期三、07:00 到 20:30;,星期四、07:00 到 20:30;,星期五、07:00 到 20:30;,星期六、07:00 到 20:30;,星期日、07:00 到 20:30;
板雙門市,星期一、07:00 到 22:00;,星期二、07:00 到 22:00. ,星期三、07:00 到 22:00;,星期四、07:00 到 22:00;,星期五、07:00 到 22:00;,星期六、07:00 到 22:00;,星期日、07:00 到 22:00;
中和景安門市,星期一、07:00 到 21:30;,星期二、07:00 到 21:30. ,星期三、07:00 到 21:30;,星期四、07:00 到 21:30;,星期五、07:00 到 21:30;,星期六、07:00 到 21:30;,星期日、07:00 到 21:30;
泰山明志門市,星期一、07:00 到 21:00;,星期二、07:00 到 21:00. ,星期三、07:00 到 21:00;,星期四、07:00 到 21:00;,星期五、07:00 到 21:00;,星期六、07:00 到 21:00;,星期日、07:00 到 21:00;
桃園台鐵門市,星期一、06:30 到 21:00;,星期二、06:30 到 21:00. ,星期三、06:30 到 21:00;,星期四、06:30 到 21:00;,星期五、06:30 到 21:00;,星期六、07:00 到 21:00;,星期日、07:00 到 21:00;
南勢角門市,星期一、06:30 到 22:00;,星期二、06:30 到 22:00. ,星期三、06:30 到 22:00;,星期四、06:30 到 22:00;,星期五、06:30 到 22:00;,星期六、07:00 到 22:00;,星期日、07:00 到 22:00;
桃園遠百門市,星期一、10:00 到 21:30;,星期二、10:00 到 21:30. ,星期三、10:00 到 21:30;,星期四、10:00 到 21:30;,星期五、10:00 到 22:00;,星期六、09:30 到 22:00;,星期日、09:30 到 21:30;
新莊門市,星期一、07:00 到 22:00;,星期二、07:00 到 22:00. ,星期三、07:00 到 22:00;,星期四、07:00 到 22:00;,星期五、07:00 到 22:00;,星期六、07:00 到 22:00;,星期日、07:00 到 22:00;
桃園成功門市,星期一、07:00 到 21:30;,星期二、07:00 到 21:30. ,星期三、07:00 到 21:30;,星期四、07:00 到 21:30;,星期五、07:00 到 21:30;,星期六、07:30 到 21:30;,星期日、07:30 到 21:30;
廣達門市,星期一、07:00 到 17:30;,星期二、07:00 到 17:30. ,星期三、07:00 到 17:30;,星期四、07:00 到 17:30;,星期五、07:00 到 17:30;,星期六、休息;,星期日、休息;
二重門市,星期一、10:00 到 21:00;,星期二、10:00 到 21:00. ,星期三、10:00 到 21:00;,星期四、10:00 到 21:00;,星期五、10:00 到 21:00;,星期六、10:00 到 21:00;,星期日、09:30 到 21:00;
雙和門市,星期一、07:00 到 21:30;,星期二、07:00 到 21:30. ,星期三、07:00 到 21:30;,星期四、07:00 到 21:30;,星期五、07:00 到 22:00;,星期六、07:00 到 22:00;,星期日、07:00 到 21:30;
桃園春日門市,星期一、06:30 到 21:00;,星期二、06:30 到 21:00. ,星期三、06:30 到 21:00;,星期四、06:30 到 21:00;,星期五、06:30 到 21:00;,星期六、07:00 到 21:00;,星期日、07:00 到 21:00;
八德介壽門市,星期一、08:00 到 22:00;,星期二、08:00 到 21:30. ,星期三、08:00 到 22:00;,星期四、08:00 到 22:00;,星期五、08:00 到 22:00;,星期六、08:00 到 22:00;,星期日、08:00 到 22:00;
永和永安門市,星期一、07:00 到 21:30;,星期二、07:00 到 21:30. ,星期三、07:00 到 21:30;,星期四、07:00 到 21:30;,星期五、07:00 到 21:30;,星期六、07:00 到 21:30;,星期日、07:00 到 21:30;
八德大潤發門市,星期一、07:30 到 21:30;,星期二、07:30 到 21:30. ,星期三、07:30 到 21:30;,星期四、07:30 到 21:30;,星期五、07:30 到 21:30;,星期六、07:30 到 21:30;,星期日、07:30 到 21:30;
新莊思源門市,星期一、07:00 到 22:00;,星期二、07:00 到 22:00. ,星期三、07:00 到 22:00;,星期四、07:00 到 22:00;,星期五、07:00 到 22:00;,星期六、07:00 到 22:00;,星期日、07:00 到 22:00;
永和愛買門市,星期一、07:00 到 21:30;,星期二、07:00 到 21:30. ,星期三、07:00 到 21:30;,星期四、07:00 到 21:30;,星期五、07:00 到 21:30;,星期六、07:00 到 21:30;,星期日、07:00 到 21:30;
新莊宏匯門市,星期一、11:00 到 21:30;,星期二、11:00 到 21:30. ,星期三、11:00 到 21:30;,星期四、11:00 到 21:30;,星期五、11:00 到 22:00;,星期六、11:00 到 22:00;,星期日、11:00 到 21:30;
桃園縣府門市,星期一、07:00 到 21:00;,星期二、07:00 到 21:00. ,星期三、07:00 到 21:00;,星期四、07:00 到 21:00;,星期五、07:00 到 21:00;,星期六、07:00 到 21:00;,星期日、07:00 到 21:00;
林口門市,星期一、06:30 到 21:30;,星期二、06:30 到 21:30. ,星期三、06:30 到 21:30;,星期四、06:30 到 21:30;,星期五、06:30 到 21:30;,星期六、06:30 到 21:00;,星期日、06:30 到 21:00;
艋舺門市,星期一、07:00 到 21:30;,星期二、07:00 到 21:30. ,星期三、07:00 到 21:30;,星期四、07:00 到 21:30;,星期五、07:00 到 21:30;,星期六、07:30 到 21:30;,星期日、07:30 到 21:30;
萬華西藏門市,星期一、07:00 到 21:30;,星期二、07:00 到 21:30. ,星期三、07:00 到 21:30;,星期四、07:00 到 21:30;,星期五、07:00 到 21:30;,星期六、07:00 到 21:30;,星期日、07:00 到 21:30;
永和頂溪門市,星期一、07:00 到 22:00;,星期二、07:00 到 22:00. ,星期三、07:00 到 22:00;,星期四、07:00 到 22:00;,星期五、07:00 到 22:00;,星期六、07:00 到 22:00;,星期日、07:00 到 22:00;
龜山復興門市,星期一、06:30 到 22:00;,星期二、06:30 到 22:00. ,星期三、06:30 到 22:00;,星期四、06:30 到 22:00;,星期五、06:30 到 22:00;,星期六、06:30 到 22:00;,星期日、06:30 到 22:00;
環球A8門市,星期一、07:00 到 22:00;,星期二、07:00 到 22:00. ,星期三、07:00 到 22:00;,星期四、07:00 到 22:00;,星期五、07:00 到 22:00;,星期六、08:00 到 22:00;,星期日、08:00 到 22:00;
長庚文化門市,星期一、07:00 到 19:30;,星期二、07:00 到 19:30. ,星期三、07:00 到 19:30;,星期四、07:00 到 19:30;,星期五、07:00 到 19:30;,星期六、08:00 到 18:00;,星期日、08:00 到 18:00;
經國門市,星期一、07:30 到 21:00;,星期二、07:30 到 21:00. ,星期三、07:30 到 21:00;,星期四、07:30 到 21:00;,星期五、07:30 到 21:00;,星期六、07:30 到 21:00;,星期日、07:30 到 21:00;
新店莊敬門市,星期一、07:00 到 18:00;,星期二、07:00 到 18:00. ,星期三、07:00 到 18:00;,星期四、07:00 到 18:00;,星期五、07:00 到 18:00;,星期六、07:30 到 18:00;,星期日、休息;
新店總站門市,星期一、07:00 到 21:00;,星期二、07:00 到 21:00. ,星期三、07:00 到 21:00;,星期四、07:00 到 21:00;,星期五、07:00 到 21:00;,星期六、07:00 到 21:00;,星期日、07:00 到 21:00;
新店中正門市,星期一、06:30 到 21:00;,星期二、06:30 到 21:00. ,星期三、06:30 到 21:00;,星期四、06:30 到 21:00;,星期五、06:30 到 21:00;,星期六、07:00 到 21:00;,星期日、07:00 到 21:00;
慈濟門市,星期一、06:30 到 21:00;,星期二、06:30 到 21:00. ,星期三、06:30 到 21:00;,星期四、06:30 到 21:00;,星期五、06:30 到 21:00;,星期六、07:30 到 19:30;,星期日、07:30 到 19:30;
桃興門市,星期一、07:00 到 21:30;,星期二、07:00 到 21:30. ,星期三、07:00 到 21:30;,星期四、07:00 到 21:30;,星期五、07:00 到 21:30;,星期六、07:00 到 21:30;,星期日、07:00 到 21:30;
西門桂林門市,星期一、07:30 到 22:00;,星期二、07:30 到 22:00. ,星期三、07:30 到 22:00;,星期四、07:30 到 22:00;,星期五、07:30 到 22:00;,星期六、07:30 到 22:00;,星期日、07:30 到 22:00;
桃園藝文門市,星期一、06:30 到 22:00;,星期二、06:30 到 22:00. ,星期三、06:30 到 22:00;,星期四、06:30 到 22:00;,星期五、06:30 到 22:00;,星期六、07:00 到 22:00;,星期日、07:00 到 22:00;
新店建國門市,星期一、07:00 到 21:00;,星期二、07:00 到 21:00. ,星期三、07:00 到 21:00;,星期四、07:00 到 21:00;,星期五、07:00 到 21:00;,星期六、07:00 到 21:00;,星期日、07:00 到 21:00;
桃園總圖門市,星期一、07:30 到 21:30;,星期二、07:30 到 21:30. ,星期三、07:30 到 21:30;,星期四、07:30 到 21:30;,星期五、07:30 到 21:30;,星期六、07:30 到 21:30;,星期日、07:30 到 21:30;
新店北新門市,星期一、06:30 到 21:30;,星期二、06:30 到 21:30. ,星期三、06:30 到 21:30;,星期四、06:30 到 21:30;,星期五、06:30 到 21:30;,星期六、07:00 到 21:30;,星期日、07:00 到 21:30;
桃愛門市,星期一、08:00 到 21:00;,星期二、08:00 到 21:00. ,星期三、08:00 到 21:00;,星期四、08:00 到 21:00;,星期五、08:00 到 21:00;,星期六、08:00 到 21:00;,星期日、08:00 到 21:00;
桃園中山門市,星期一、06:30 到 20:00;,星期二、06:30 到 20:00. ,星期三、06:30 到 20:00;,星期四、06:30 到 20:00;,星期五、06:30 到 20:00;,星期六、07:00 到 20:00;,星期日、07:00 到 20:00;
MITSUI門市,星期一、08:00 到 21:30;,星期二、08:00 到 21:30. ,星期三、08:00 到 21:30;,星期四、08:00 到 21:30;,星期五、08:00 到 22:00;,星期六、08:00 到 22:00;,星期日、08:00 到 22:00;
北新門市(大坪林捷運站),星期一、06:30 到 21:30;,星期二、06:30 到 21:30. ,星期三、06:30 到 21:30;,星期四、06:30 到 21:30;,星期五、06:30 到 21:30;,星期六、07:00 到 21:30;,星期日、07:00 到 21:30;
西門成都門市,星期一、07:00 到 22:00;,星期二、07:00 到 22:00. ,星期三、07:00 到 22:00;,星期四、07:00 到 22:00;,星期五、07:00 到 22:00;,星期六、07:30 到 22:00;,星期日、07:30 到 22:00;
桃園國際門市,星期一、06:30 到 21:00;,星期二、06:30 到 21:00. ,星期三、06:30 到 21:00;,星期四、06:30 到 21:00;,星期五、06:30 到 21:00;,星期六、07:00 到 21:00;,星期日、07:00 到 21:00;
南海門市,星期一、06:30 到 21:00;,星期二、06:30 到 21:00. ,星期三、06:30 到 21:00;,星期四、06:30 到 21:00;,星期五、06:30 到 21:00;,星期六、07:00 到 21:00;,星期日、07:00 到 21:00;
公館水源門市,星期一、08:00 到 19:00;,星期二、08:00 到 19:00. ,星期三、08:00 到 19:00;,星期四、08:00 到 19:00;,星期五、08:00 到 19:00;,星期六、08:00 到 19:00;,星期日、08:00 到 19:00;
經國二門市,星期一、06:30 到 21:00;,星期二、06:30 到 21:00. ,星期三、06:30 到 21:00;,星期四、06:30 到 21:00;,星期五、06:30 到 21:00;,星期六、07:00 到 21:00;,星期日、07:00 到 21:00;
西門昆明門市,星期一、08:00 到 22:00;,星期二、08:00 到 22:00. ,星期三、08:00 到 22:00;,星期四、08:00 到 22:00;,星期五、08:00 到 22:00;,星期六、08:00 到 22:00;,星期日、08:00 到 22:00;
古亭門市,星期一、07:30 到 21:00;,星期二、07:30 到 21:00. ,星期三、07:30 到 21:00;,星期四、07:30 到 21:00;,星期五、07:30 到 21:00;,星期六、07:30 到 21:00;,星期日、07:30 到 21:00;
和平門市,星期一、06:30 到 22:00;,星期二、06:30 到 22:00. ,星期三、06:30 到 22:00;,星期四、06:30 到 22:00;,星期五、06:30 到 22:00;,星期六、06:30 到 22:00;,星期日、06:30 到 22:00;
漢中門市,星期一、07:30 到 22:00;,星期二、07:30 到 22:00. ,星期三、07:30 到 22:00;,星期四、07:30 到 22:00;,星期五、07:30 到 22:30;,星期六、07:30 到 22:30;,星期日、07:30 到 22:30;
林口文化三門市,星期一、07:00 到 21:30;,星期二、07:00 到 21:30. ,星期三、07:00 到 21:30;,星期四、07:00 到 21:30;,星期五、07:00 到 21:30;,星期六、07:00 到 21:30;,星期日、07:00 到 21:30;
八德興豐門市,星期一、07:00 到 21:30;,星期二、07:00 到 21:30. ,星期三、07:00 到 21:30;,星期四、07:00 到 21:30;,星期五、07:00 到 21:30;,星期六、07:30 到 21:30;,星期日、07:30 到 21:30;
新中門市,星期一、07:00 到 21:00;,星期二、07:00 到 21:00. ,星期三、07:00 到 21:00;,星期四、07:00 到 21:00;,星期五、07:00 到 21:00;,星期六、07:30 到 21:00;,星期日、07:30 到 21:00;
新店裕隆城門市,星期一、11:00 到 21:30;,星期二、11:00 到 21:30. ,星期三、11:00 到 21:30;,星期四、11:00 到 21:30;,星期五、11:00 到 22:00;,星期六、11:00 到 22:00;,星期日、11:00 到 21:30;
羅斯福門市,星期一、07:00 到 21:00;,星期二、07:00 到 21:00. ,星期三、07:00 到 21:00;,星期四、07:00 到 21:00;,星期五、07:00 到 21:00;,星期六、07:00 到 21:00;,星期日、07:00 到 21:00;
文化門市,星期一、07:00 到 21:30;,星期二、07:00 到 21:30. ,星期三、07:00 到 21:30;,星期四、07:00 到 21:30;,星期五、07:00 到 21:30;,星期六、07:00 到 21:30;,星期日、07:00 到 21:30;
重慶門市,星期一、07:00 到 21:00;,星期二、07:00 到 21:00. ,星期三、07:00 到 21:00;,星期四、07:00 到 21:00;,星期五、07:00 到 22:00;,星期六、07:00 到 22:00;,星期日、07:00 到 21:00;
三重菜寮門市,星期一、06:30 到 22:00;,星期二、06:30 到 22:00. ,星期三、06:30 到 22:00;,星期四、06:30 到 22:00;,星期五、06:30 到 22:00;,星期六、07:00 到 22:00;,星期日、07:00 到 22:00;
景美門市,星期一、06:30 到 21:30;,星期二、06:30 到 21:30. ,星期三、06:30 到 21:30;,星期四、06:30 到 21:30;,星期五、06:30 到 21:30;,星期六、06:30 到 21:30;,星期日、06:30 到 21:30;
師大和平門市,星期一、07:30 到 18:00;,星期二、07:30 到 18:00. ,星期三、07:30 到 18:00;,星期四、07:30 到 18:00;,星期五、07:30 到 18:00;,星期六、07:30 到 18:00;,星期日、07:30 到 18:00;
林口中山門市,星期一、07:00 到 21:00;,星期二、07:00 到 21:00. ,星期三、07:00 到 21:00;,星期四、07:00 到 21:00;,星期五、07:00 到 21:00;,星期六、07:00 到 21:00;,星期日、07:00 到 21:00;
台醫B1門市,星期一、06:30 到 21:30;,星期二、06:30 到 21:30. ,星期三、06:30 到 21:30;,星期四、06:30 到 21:30;,星期五、06:30 到 21:30;,星期六、06:30 到 21:30;,星期日、06:30 到 21:30;
館前漢口門市,星期一、07:00 到 22:00;,星期二、07:00 到 22:00. ,星期三、07:00 到 22:00;,星期四、07:00 到 22:00;,星期五、07:00 到 22:00;,星期六、07:00 到 22:00;,星期日、07:00 到 22:00;
懷寧門市,星期一、07:00 到 21:00;,星期二、07:00 到 21:00. ,星期三、07:00 到 21:00;,星期四、07:00 到 21:00;,星期五、07:00 到 21:00;,星期六、07:00 到 21:00;,星期日、07:00 到 21:00;
杭州門市,星期一、07:00 到 21:00;,星期二、07:00 到 21:00. ,星期三、07:00 到 21:00;,星期四、07:00 到 21:00;,星期五、07:00 到 21:00;,星期六、07:00 到 21:00;,星期日、07:00 到 21:00;
許昌南陽門市,星期一、07:00 到 20:00;,星期二、07:00 到 20:00. ,星期三、07:00 到 20:00;,星期四、07:00 到 20:00;,星期五、07:00 到 20:00;,星期六、08:00 到 19:00;,星期日、08:00 到 19:00;
台北捷運門市,星期一、07:00 到 22:30;,星期二、07:00 到 22:30. ,星期三、07:00 到 22:30;,星期四、07:00 到 22:30;,星期五、07:00 到 22:30;,星期六、07:00 到 22:30;,星期日、07:00 到 22:30;
永康街2F門市,星期一、07:30 到 21:00;,星期二、07:30 到 21:00. ,星期三、07:30 到 21:00;,星期四、07:30 到 21:00;,星期五、07:30 到 21:00;,星期六、07:30 到 21:00;,星期日、07:30 到 21:00;
台鐵一門市,星期一、10:00 到 22:00;,星期二、10:00 到 22:00. ,星期三、10:00 到 22:00;,星期四、10:00 到 22:00;,星期五、10:00 到 22:00;,星期六、10:00 到 22:00;,星期日、10:00 到 22:00;
京站二門市,星期一、11:00 到 21:30;,星期二、11:00 到 21:30. ,星期三、11:00 到 21:30;,星期四、11:00 到 21:30;,星期五、11:00 到 22:00;,星期六、11:00 到 22:00;,星期日、11:00 到 21:30;
京站門市,星期一、07:00 到 21:30;,星期二、07:00 到 21:30. ,星期三、07:00 到 21:30;,星期四、07:00 到 21:30;,星期五、07:00 到 22:00;,星期六、07:00 到 22:00;,星期日、07:00 到 21:30;
建和門市,星期一、06:30 到 20:00;,星期二、06:30 到 20:00. ,星期三、06:30 到 20:00;,星期四、06:30 到 20:00;,星期五、06:30 到 20:00;,星期六、06:30 到 20:00;,星期日、06:30 到 20:00;
三重正義門市,星期一、07:00 到 22:00;,星期二、07:00 到 22:00. ,星期三、07:00 到 22:00;,星期四、07:00 到 22:00;,星期五、07:00 到 22:00;,星期六、07:00 到 22:00;,星期日、07:00 到 22:00;
時代寓所門市,星期一、09:30 到 22:30;,星期二、09:30 到 22:30. ,星期三、09:30 到 22:30;,星期四、09:30 到 22:30;,星期五、09:30 到 22:30;,星期六、10:00 到 22:30;,星期日、10:00 到 22:30;
台北圓環門市,星期一、07:00 到 21:30;,星期二、07:00 到 21:30. ,星期三、07:00 到 21:30;,星期四、07:00 到 21:30;,星期五、07:00 到 21:30;,星期六、07:00 到 21:30;,星期日、07:00 到 21:30;
辛亥門市,星期一、06:30 到 20:00;,星期二、06:30 到 20:00. ,星期三、06:30 到 20:00;,星期四、06:30 到 20:00;,星期五、06:30 到 20:00;,星期六、06:30 到 19:00;,星期日、06:30 到 19:00;
紹興門市,星期一、07:00 到 21:30;,星期二、07:00 到 21:30. ,星期三、07:00 到 21:30;,星期四、07:00 到 21:30;,星期五、07:00 到 21:30;,星期六、07:30 到 21:30;,星期日、07:30 到 21:30;
長興門市,星期一、07:30 到 19:00;,星期二、07:30 到 19:00. ,星期三、07:30 到 19:00;,星期四、07:30 到 19:00;,星期五、07:30 到 19:00;,星期六、08:30 到 15:30;,星期日、08:30 到 15:30;
南崁特力門市,星期一、07:00 到 21:30;,星期二、07:00 到 21:30. ,星期三、07:00 到 21:30;,星期四、07:00 到 21:30;,星期五、07:00 到 21:30;,星期六、07:30 到 21:30;,星期日、07:30 到 21:30;
大溪門市,星期一、07:00 到 20:30;,星期二、07:00 到 20:30. ,星期三、07:00 到 20:30;,星期四、07:00 到 20:30;,星期五、07:00 到 20:30;,星期六、07:00 到 20:30;,星期日、07:00 到 20:30;
南京西門市,星期一、07:00 到 22:00;,星期二、07:00 到 22:00. ,星期三、07:00 到 22:00;,星期四、07:00 到 22:00;,星期五、07:00 到 22:30;,星期六、07:00 到 22:30;,星期日、07:00 到 22:00;
三重三和門市,星期一、07:00 到 22:00;,星期二、07:00 到 22:00. ,星期三、07:00 到 22:00;,星期四、07:00 到 22:00;,星期五、07:00 到 22:00;,星期六、07:30 到 22:00;,星期日、07:30 到 22:00;
保安門市,星期一、07:00 到 21:30;,星期二、07:00 到 21:30. ,星期三、07:00 到 21:30;,星期四、07:00 到 21:30;,星期五、07:00 到 21:30;,星期六、07:00 到 21:30;,星期日、07:00 到 21:30;
蘆洲長榮門市,星期一、06:30 到 22:00;,星期二、06:30 到 22:00. ,星期三、06:30 到 22:00;,星期四、06:30 到 22:00;,星期五、06:30 到 22:00;,星期六、07:00 到 22:00;,星期日、07:00 到 22:00;
興和門市,星期一、07:00 到 21:30;,星期二、07:00 到 21:30. ,星期三、07:00 到 21:30;,星期四、07:00 到 21:30;,星期五、07:00 到 21:30;,星期六、07:00 到 21:00;,星期日、07:00 到 21:00;
忠新門市,星期一、07:00 到 21:30;,星期二、07:00 到 21:30. ,星期三、07:00 到 21:30;,星期四、07:00 到 21:30;,星期五、07:00 到 21:30;,星期六、07:30 到 21:30;,星期日、07:30 到 21:30;
木新門市,星期一、07:00 到 20:30;,星期二、07:00 到 20:30. ,星期三、07:00 到 20:30;,星期四、07:00 到 20:30;,星期五、07:00 到 20:30;,星期六、07:00 到 20:30;,星期日、07:00 到 20:30;
萬芳門市,星期一、06:30 到 20:00;,星期二、06:30 到 20:00. ,星期三、06:30 到 20:00;,星期四、06:30 到 20:00;,星期五、06:30 到 20:00;,星期六、07:30 到 19:00;,星期日、07:30 到 19:00;
三創門市,星期一、09:00 到 21:30;,星期二、09:00 到 21:30. ,星期三、09:00 到 21:30;,星期四、09:00 到 21:30;,星期五、09:00 到 22:00;,星期六、09:00 到 22:00;,星期日、09:00 到 21:30;
蘆洲三民門市,星期一、07:00 到 21:30;,星期二、07:00 到 21:30. ,星期三、07:00 到 21:30;,星期四、07:00 到 21:30;,星期五、07:00 到 21:30;,星期六、07:00 到 21:30;,星期日、07:00 到 21:30;
內壢環中東門市,星期一、06:30 到 22:00;,星期二、06:30 到 22:00. ,星期三、06:30 到 22:00;,星期四、06:30 到 22:00;,星期五、06:30 到 22:00;,星期六、06:30 到 22:00;,星期日、06:30 到 22:00;
馬偕門市,星期一、06:30 到 21:30;,星期二、06:30 到 21:30. ,星期三、06:30 到 21:30;,星期四、06:30 到 21:30;,星期五、06:30 到 21:30;,星期六、06:30 到 21:30;,星期日、08:00 到 21:30;
林森門市,星期一、07:00 到 22:00;,星期二、07:00 到 22:00. ,星期三、07:00 到 22:00;,星期四、07:00 到 22:00;,星期五、07:00 到 22:00;,星期六、07:30 到 22:00;,星期日、07:30 到 22:00;
興南門市,星期一、07:00 到 21:30;,星期二、07:00 到 21:30. ,星期三、07:00 到 21:30;,星期四、07:00 到 21:30;,星期五、07:00 到 21:30;,星期六、07:00 到 21:30;,星期日、07:00 到 21:30;
敦和門市,星期一、07:00 到 20:30;,星期二、07:00 到 20:30. ,星期三、07:00 到 20:30;,星期四、07:00 到 20:30;,星期五、07:00 到 20:30;,星期六、07:00 到 20:30;,星期日、07:00 到 20:30;
松江長安門市,星期一、07:00 到 20:30;,星期二、07:00 到 20:30. ,星期三、07:00 到 20:30;,星期四、07:00 到 20:30;,星期五、07:00 到 20:30;,星期六、07:30 到 20:30;,星期日、07:30 到 20:30;
南崁門市,星期一、06:30 到 21:30;,星期二、06:30 到 21:30. ,星期三、06:30 到 21:30;,星期四、06:30 到 21:30;,星期五、06:30 到 21:30;,星期六、07:00 到 21:30;,星期日、07:00 到 21:30;
敦南門市,星期一、07:00 到 18:00;,星期二、07:00 到 18:00;,星期三、07:00 到 18:00;,星期四、07:00 到 18:00;,星期五、07:00 到 18:00;,星期六、休息;,星期日、休息;
民權西門市,星期一、07:00 到 21:00;,星期二、07:00 到 21:00. ,星期三、07:00 到 21:00;,星期四、07:00 到 21:00;,星期五、07:00 到 21:00;,星期六、07:00 到 21:00;,星期日、07:00 到 21:00;
木柵門市,星期一、07:00 到 20:30;,星期二、07:00 到 20:30. ,星期三、07:00 到 20:30;,星期四、07:00 到 20:30;,星期五、07:00 到 20:30;,星期六、07:00 到 20:30;,星期日、07:00 到 20:30;
敦富門市,星期一、06:30 到 20:00;,星期二、06:30 到 20:00. ,星期三、06:30 到 20:00;,星期四、06:30 到 20:00;,星期五、06:30 到 20:00;,星期六、07:30 到 20:00;,星期日、07:30 到 20:00;
崇興門市,星期一、09:00 到 21:30;,星期二、09:00 到 21:30. ,星期三、09:00 到 21:30;,星期四、09:00 到 21:30;,星期五、09:00 到 22:00;,星期六、09:00 到 22:00;,星期日、09:00 到 21:30;
內壢門市,星期一、08:30 到 22:00;,星期二、08:30 到 22:00. ,星期三、08:30 到 22:00;,星期四、08:30 到 22:00;,星期五、08:30 到 22:00;,星期六、08:30 到 22:00;,星期日、08:30 到 22:00;
崇光門市,星期一、09:00 到 21:30;,星期二、09:00 到 21:30. ,星期三、09:00 到 21:30;,星期四、09:00 到 21:30;,星期五、09:00 到 22:00;,星期六、09:00 到 22:00;,星期日、09:00 到 22:00;
復安門市,星期一、07:00 到 21:00;,星期二、07:00 到 21:00. ,星期三、07:00 到 21:00;,星期四、07:00 到 21:00;,星期五、07:00 到 21:00;,星期六、07:30 到 21:00;,星期日、07:30 到 21:00;
南京建國門市,星期一、07:00 到 21:00;,星期二、07:00 到 21:00. ,星期三、07:00 到 21:00;,星期四、07:00 到 21:00;,星期五、07:00 到 21:00;,星期六、07:00 到 21:00;,星期日、07:00 到 21:00;
內壢中華門市,星期一、06:30 到 21:00;,星期二、06:30 到 21:00. ,星期三、06:30 到 21:00;,星期四、06:30 到 21:00;,星期五、06:30 到 21:00;,星期六、06:30 到 21:00;,星期日、06:30 到 21:00;
桃園台茂門市,星期一、09:00 到 22:00;,星期二、09:00 到 22:00. ,星期三、09:00 到 22:00;,星期四、09:00 到 22:00;,星期五、09:00 到 22:00;,星期六、09:00 到 22:00;,星期日、09:00 到 22:00;
松江門市,星期一、07:00 到 21:30;,星期二、07:00 到 21:30. ,星期三、07:00 到 21:30;,星期四、07:00 到 21:30;,星期五、07:00 到 21:30;,星期六、07:00 到 21:30;,星期日、07:00 到 21:30;
林森農安門市,星期一、07:00 到 22:00;,星期二、07:00 到 22:00. ,星期三、07:00 到 22:00;,星期四、07:00 到 22:00;,星期五、07:00 到 22:00;,星期六、07:00 到 22:00;,星期日、07:00 到 22:00;
重陽集賢門市,星期一、06:30 到 21:00;,星期二、06:30 到 21:00. ,星期三、06:30 到 21:00;,星期四、06:30 到 21:00;,星期五、06:30 到 21:00;,星期六、06:30 到 21:00;,星期日、06:30 到 21:00;
蘆竹大竹門市,星期一、06:30 到 21:00;,星期二、06:30 到 21:00. ,星期三、06:30 到 21:00;,星期四、06:30 到 21:00;,星期五、06:30 到 21:00;,星期六、07:00 到 21:00;,星期日、07:00 到 21:00;
龍門門市,星期一、07:00 到 22:00;,星期二、07:00 到 22:00. ,星期三、07:00 到 22:00;,星期四、07:00 到 22:00;,星期五、07:00 到 23:00;,星期六、07:00 到 23:00;,星期日、07:00 到 22:00;
通化門市,星期一、07:00 到 21:30;,星期二、07:00 到 21:30. ,星期三、07:00 到 21:30;,星期四、07:00 到 21:30;,星期五、07:00 到 21:30;,星期六、07:30 到 21:30;,星期日、07:30 到 21:30;
松江錦州門市,星期一、07:00 到 21:00;,星期二、07:00 到 21:00. ,星期三、07:00 到 21:00;,星期四、07:00 到 21:00;,星期五、07:00 到 21:00;,星期六、07:00 到 21:00;,星期日、07:00 到 21:00;
庫倫承德門市,星期一、07:00 到 21:30;,星期二、07:00 到 21:30. ,星期三、07:00 到 21:30;,星期四、07:00 到 21:30;,星期五、07:00 到 21:30;,星期六、07:00 到 21:30;,星期日、07:00 到 21:30;
政大門市,星期一、07:00 到 20:00;,星期二、07:00 到 20:00. ,星期三、07:00 到 20:00;,星期四、07:00 到 20:00;,星期五、07:00 到 20:00;,星期六、07:00 到 20:00;,星期日、07:00 到 20:00;
仁愛國泰門市,星期一、06:30 到 20:00;,星期二、06:30 到 20:00. ,星期三、06:30 到 20:00;,星期四、06:30 到 20:00;,星期五、06:30 到 20:00;,星期六、07:00 到 18:30;,星期日、07:00 到 17:00;
同領門市,星期一、07:30 到 22:30;,星期二、07:30 到 22:30. ,星期三、07:30 到 22:30;,星期四、07:30 到 22:30;,星期五、07:30 到 23:00;,星期六、07:30 到 23:00;,星期日、07:30 到 22:30;
南京復興門市,星期一、07:00 到 22:00;,星期二、07:00 到 22:00. ,星期三、07:00 到 22:00;,星期四、07:00 到 22:00;,星期五、07:00 到 22:00;,星期六、07:00 到 22:00;,星期日、07:00 到 22:00;
中壢休息站門市,星期一、07:00 到 21:00;,星期二、07:00 到 21:00. ,星期三、07:00 到 21:00;,星期四、07:00 到 21:00;,星期五、07:00 到 21:00;,星期六、07:00 到 21:00;,星期日、07:00 到 21:00;
慶城門市,星期一、07:00 到 21:00;,星期二、07:00 到 21:00. ,星期三、07:00 到 21:00;,星期四、07:00 到 21:00;,星期五、07:00 到 21:00;,星期六、07:30 到 21:00;,星期日、07:30 到 21:00;
忠孝延吉門市,星期一、07:00 到 21:00;,星期二、07:00 到 21:00. ,星期三、07:00 到 21:00;,星期四、07:00 到 21:00;,星期五、07:00 到 21:00;,星期六、07:30 到 21:00;,星期日、07:30 到 21:00;
北醫門市,星期一、07:00 到 21:00;,星期二、07:00 到 21:00. ,星期三、07:00 到 21:00;,星期四、07:00 到 21:00;,星期五、07:00 到 21:00;,星期六、07:00 到 18:00;,星期日、08:30 到 18:00;
北醫吳興門市,星期一、07:00 到 21:00;,星期二、07:00 到 21:00. ,星期三、07:00 到 21:00;,星期四、07:00 到 21:00;,星期五、07:00 到 21:00;,星期六、07:00 到 21:00;,星期日、07:30 到 20:30;
南山門市,星期一、07:30 到 18:30;,星期二、07:30 到 18:30. ,星期三、07:30 到 18:30;,星期四、07:30 到 18:30;,星期五、07:30 到 18:30;,星期六、休息;,星期日、休息;
台視門市,星期一、07:00 到 21:00;,星期二、07:00 到 21:00. ,星期三、07:00 到 21:00;,星期四、07:00 到 21:00;,星期五、07:00 到 21:30;,星期六、07:00 到 20:00;,星期日、07:00 到 21:00;
微風南京門市,星期一、11:00 到 21:30;,星期二、11:00 到 21:30. ,星期三、11:00 到 21:30;,星期四、11:00 到 22:00;,星期五、11:00 到 22:00;,星期六、11:00 到 22:00;,星期日、11:00 到 21:30;
世貿一館門市,星期一、07:30 到 19:00;,星期二、07:30 到 19:00. ,星期三、07:30 到 19:00;,星期四、07:30 到 19:00;,星期五、07:30 到 19:00;,星期六、休息;,星期日、休息;
中原大學門市,星期一、07:00 到 21:00;,星期二、07:00 到 21:00. ,星期三、07:00 到 21:00;,星期四、07:00 到 21:00;,星期五、07:00 到 21:00;,星期六、07:30 到 18:00;,星期日、07:30 到 18:00;
華視門市,星期一、07:00 到 21:30;,星期二、07:00 到 21:30. ,星期三、07:00 到 21:30;,星期四、07:00 到 21:30;,星期五、07:00 到 21:30;,星期六、07:30 到 21:00;,星期日、07:30 到 21:00;
龍權門市,星期一、07:00 到 21:00;,星期二、07:00 到 21:00. ,星期三、07:00 到 21:00;,星期四、07:00 到 21:00;,星期五、07:00 到 21:00;,星期六、07:30 到 21:00;,星期日、07:30 到 21:00;
101門市,星期一、07:30 到 19:30;,星期二、07:30 到 19:30. ,星期三、07:30 到 19:30;,星期四、07:30 到 19:30;,星期五、07:30 到 19:30;,星期六、休息;,星期日、休息;
敦化門市,星期一、06:30 到 21:00;,星期二、06:30 到 21:00. ,星期三、06:30 到 21:00;,星期四、06:30 到 21:00;,星期五、06:30 到 21:00;,星期六、08:00 到 16:30;,星期日、08:00 到 16:30;
101典藏門市,星期一、07:30 到 21:30;,星期二、07:30 到 21:30. ,星期三、07:30 到 21:30;,星期四、07:30 到 21:30;,星期五、07:30 到 22:00;,星期六、08:00 到 22:00;,星期日、08:00 到 21:30;
宏泰門市,星期一、07:00 到 20:00;,星期二、07:00 到 20:00. ,星期三、07:00 到 20:00;,星期四、07:00 到 20:00;,星期五、07:00 到 20:00;,星期六、08:00 到 16:00;,星期日、08:00 到 16:00;
民權門市,星期一、07:00 到 21:00;,星期二、07:00 到 21:00. ,星期三、07:00 到 21:00;,星期四、07:00 到 21:00;,星期五、07:00 到 21:00;,星期六、07:30 到 21:00;,星期日、07:30 到 21:00;
北寧門市,星期一、06:30 到 21:30;,星期二、06:30 到 21:30. ,星期三、06:30 到 21:30;,星期四、06:30 到 21:30;,星期五、06:30 到 21:30;,星期六、07:30 到 20:30;,星期日、08:00 到 19:30;
信義經貿門市,星期一、07:30 到 19:00;,星期二、07:30 到 19:00. ,星期三、07:30 到 19:00;,星期四、07:30 到 19:00;,星期五、07:30 到 19:00;,星期六、08:30 到 17:30;,星期日、08:30 到 17:30;
微風南山門市,星期一、08:00 到 21:30;,星期二、08:00 到 21:30. ,星期三、08:00 到 21:30;,星期四、08:00 到 22:00;,星期五、08:00 到 22:00;,星期六、11:00 到 22:00;,星期日、11:00 到 22:00;
士林承德門市,星期一、07:00 到 21:30;,星期二、07:00 到 21:30. ,星期三、07:00 到 21:30;,星期四、07:00 到 21:30;,星期五、07:00 到 21:30;,星期六、07:30 到 21:30;,星期日、07:30 到 21:30;
信義南山門市,星期一、07:30 到 20:00;,星期二、07:30 到 20:00. ,星期三、07:30 到 20:00;,星期四、07:30 到 20:00;,星期五、07:30 到 20:00;,星期六、11:00 到 18:30;,星期日、11:00 到 18:30;
新光門市,星期一、11:00 到 21:30;,星期二、11:00 到 21:30. ,星期三、11:00 到 21:30;,星期四、11:00 到 21:30;,星期五、11:00 到 22:00;,星期六、11:00 到 22:00;,星期日、11:00 到 21:30;
台北時代門市,星期一、07:00 到 22:00;,星期二、07:00 到 22:00. ,星期三、07:00 到 22:00;,星期四、07:00 到 22:00;,星期五、07:00 到 22:00;,星期六、07:00 到 22:00;,星期日、07:00 到 22:00;
中壢大潤發門市,星期一、07:30 到 21:30;,星期二、07:30 到 21:30. ,星期三、07:30 到 21:30;,星期四、07:30 到 21:30;,星期五、07:30 到 21:30;,星期六、07:30 到 21:30;,星期日、07:30 到 21:30;
時代B2門市,星期一、06:30 到 21:00;,星期二、06:30 到 21:00. ,星期三、06:30 到 21:00;,星期四、06:30 到 21:00;,星期五、06:30 到 21:00;,星期六、06:30 到 21:00;,星期日、06:30 到 21:00;
遠百A13門市,星期一、11:00 到 21:30;,星期二、11:00 到 21:30. ,星期三、11:00 到 21:30;,星期四、11:00 到 21:30;,星期五、11:00 到 22:00;,星期六、11:00 到 22:00;,星期日、11:00 到 21:30;
Bellavita-B1門市,星期一、11:00 到 21:30;,星期二、11:00 到 21:30. ,星期三、11:00 到 21:30;,星期四、11:00 到 21:30;,星期五、11:00 到 22:00;,星期六、11:00 到 22:00;,星期日、11:00 到 21:30;
松仁門市,星期一、07:00 到 18:00;,星期二、07:00 到 18:00. ,星期三、07:00 到 18:00;,星期四、07:00 到 18:00;,星期五、07:00 到 18:00;,星期六、休息;,星期日、休息;
松機T2門市,星期一、06:30 到 19:00;,星期二、06:30 到 19:00. ,星期三、06:30 到 19:00;,星期四、06:30 到 19:00;,星期五、06:30 到 19:00;,星期六、06:30 到 19:00;,星期日、06:30 到 19:00;
松山機場門市,星期一、06:30 到 19:00;,星期二、06:30 到 19:00. ,星期三、06:30 到 19:00;,星期四、06:30 到 19:00;,星期五、06:30 到 19:00;,星期六、06:30 到 19:00;,星期日、06:30 到 19:00;
信義松德門市,星期一、07:00 到 19:30;,星期二、07:00 到 19:30. ,星期三、07:00 到 19:30;,星期四、07:00 到 19:30;,星期五、07:00 到 19:30;,星期六、07:00 到 19:30;,星期日、07:00 到 19:30;
東興門市,星期一、07:00 到 18:00;,星期二、07:00 到 18:00. ,星期三、07:00 到 18:00;,星期四、07:00 到 18:00;,星期五、07:00 到 18:00;,星期六、休息;,星期日、休息;
南京三民門市,星期一、06:30 到 21:00;,星期二、06:30 到 21:00. ,星期三、06:30 到 21:00;,星期四、06:30 到 21:00;,星期五、06:30 到 21:00;,星期六、07:00 到 21:00;,星期日、07:00 到 21:00;
科教館門市,星期一、08:00 到 18:00;,星期二、08:00 到 18:00. ,星期三、08:00 到 18:00;,星期四、08:00 到 18:00;,星期五、08:00 到 18:00;,星期六、08:00 到 18:00;,星期日、08:00 到 18:00;
永春門市,星期一、06:30 到 21:30;,星期二、06:30 到 21:30. ,星期三、06:30 到 21:30;,星期四、06:30 到 21:30;,星期五、06:30 到 21:30;,星期六、07:00 到 21:30;,星期日、07:00 到 21:30;
民生三民門市,星期一、06:30 到 21:30;,星期二、06:30 到 21:30. ,星期三、06:30 到 21:30;,星期四、06:30 到 21:30;,星期五、06:30 到 21:30;,星期六、06:30 到 21:30;,星期日、06:30 到 21:30;
中壢元化門市,星期一、06:30 到 21:00;,星期二、06:30 到 21:00. ,星期三、06:30 到 21:00;,星期四、06:30 到 21:00;,星期五、06:30 到 21:00;,星期六、06:30 到 21:00;,星期日、06:30 到 21:00;
復興門市,星期一、06:30 到 22:00;,星期二、06:30 到 22:00. ,星期三、06:30 到 22:00;,星期四、06:30 到 22:00;,星期五、06:30 到 22:00;,星期六、06:30 到 22:00;,星期日、06:30 到 22:00;
士捷門市,星期一、06:30 到 21:30;,星期二、06:30 到 21:30. ,星期三、06:30 到 21:30;,星期四、06:30 到 21:30;,星期五、06:30 到 21:30;,星期六、07:00 到 21:30;,星期日、07:00 到 21:30;
中壢海華門市,星期一、06:30 到 22:00;,星期二、06:30 到 22:00. ,星期三、06:30 到 22:00;,星期四、06:30 到 22:00;,星期五、06:30 到 22:00;,星期六、06:30 到 22:00;,星期日、06:30 到 22:00;
中壢大江門市,星期一、11:00 到 22:00;,星期二、11:00 到 22:00. ,星期三、11:00 到 22:00;,星期四、11:00 到 22:00;,星期五、11:00 到 22:30;,星期六、11:00 到 22:30;,星期日、11:00 到 22:00;
關渡門市,星期一、07:00 到 20:30;,星期二、07:00 到 20:30. ,星期三、07:00 到 20:30;,星期四、07:00 到 20:30;,星期五、07:00 到 20:30;,星期六、07:00 到 20:30;,星期日、07:00 到 20:30;
實踐門市,星期一、07:00 到 21:00;,星期二、07:00 到 21:00. ,星期三、07:00 到 21:00;,星期四、07:00 到 21:00;,星期五、07:00 到 21:00;,星期六、07:30 到 21:00;,星期日、07:30 到 21:00;
松山車站門市,星期一、07:00 到 22:00;,星期二、07:00 到 22:00. ,星期三、07:00 到 22:00;,星期四、07:00 到 22:00;,星期五、07:00 到 22:00;,星期六、08:00 到 22:00;,星期日、08:00 到 22:00;
後山埤門市,星期一、07:30 到 21:00;,星期二、07:30 到 21:00. ,星期三、07:30 到 21:00;,星期四、07:30 到 21:00;,星期五、07:30 到 21:00;,星期六、07:30 到 21:00;,星期日、07:30 到 21:00;
華碩二門市,星期一、08:00 到 18:00;,星期二、08:00 到 18:00. ,星期三、08:00 到 18:00;,星期四、08:00 到 18:00;,星期五、08:00 到 18:00;,星期六、休息;,星期日、休息;
天母崇光門市,星期一、09:00 到 21:30;,星期二、09:00 到 21:30. ,星期三、09:00 到 21:30;,星期四、09:00 到 21:30;,星期五、09:00 到 22:00;,星期六、09:00 到 22:00;,星期日、09:00 到 21:30;
深坑東南門市,星期一、07:30 到 18:00;,星期二、07:30 到 18:00. ,星期三、07:30 到 18:00;,星期四、07:30 到 18:00;,星期五、07:30 到 18:00;,星期六、08:30 到 17:00;,星期日、08:30 到 17:00;
大直植福門市,星期一、07:00 到 22:00;,星期二、07:00 到 22:00. ,星期三、07:00 到 22:00;,星期四、07:00 到 22:00;,星期五、07:00 到 22:00;,星期六、07:00 到 22:00;,星期日、07:00 到 22:00;
美麗華門市,星期一、08:30 到 22:00;,星期二、08:30 到 22:00. ,星期三、08:30 到 22:00;,星期四、08:30 到 22:00;,星期五、08:30 到 22:00;,星期六、08:30 到 22:00;,星期日、08:30 到 22:00;
大直樂群門市,星期一、07:00 到 20:00;,星期二、07:00 到 20:00. ,星期三、07:00 到 20:00;,星期四、07:00 到 20:00;,星期五、07:00 到 20:00;,星期六、07:00 到 20:00;,星期日、07:00 到 20:00;
舊宗門市,星期一、08:00 到 21:00;,星期二、08:00 到 21:00. ,星期三、08:00 到 21:00;,星期四、08:00 到 21:00;,星期五、08:00 到 21:00;,星期六、08:00 到 21:00;,星期日、08:00 到 21:00;
舊宗新湖門市,星期一、07:00 到 18:00;,星期二、07:00 到 18:00. ,星期三、07:00 到 18:00;,星期四、07:00 到 18:00;,星期五、07:00 到 18:00;,星期六、09:00 到 17:30;,星期日、09:00 到 17:30;
石牌門市,星期一、07:00 到 21:30;,星期二、07:00 到 21:30. ,星期三、07:00 到 21:30;,星期四、07:00 到 21:30;,星期五、07:00 到 21:30;,星期六、07:00 到 21:30;,星期日、07:00 到 21:30;
基湖門市,星期一、07:00 到 18:00;,星期二、07:00 到 18:00. ,星期三、07:00 到 18:00;,星期四、07:00 到 18:00;,星期五、07:00 到 18:00;,星期六、07:30 到 16:00;,星期日、07:30 到 16:00;
華泰三期門市,星期一、11:00 到 21:00;,星期二、11:00 到 21:00. ,星期三、11:00 到 21:00;,星期四、11:00 到 21:00;,星期五、11:00 到 21:00;,星期六、11:00 到 22:00;,星期日、11:00 到 22:00;
瑞傳門市,星期一、07:00 到 18:00;,星期二、07:00 到 18:00. ,星期三、07:00 到 18:00;,星期四、07:00 到 18:00;,星期五、07:00 到 18:00;,星期六、休息;,星期日、休息;
青埔門市(高鐵站),星期一、06:00 到 22:30;,星期二、06:00 到 22:30. ,星期三、06:00 到 22:30;,星期四、06:00 到 22:30;,星期五、06:00 到 22:30;,星期六、06:00 到 22:30;,星期日、06:00 到 22:30;
龍潭中科院門市,星期一、07:00 到 18:00;,星期二、07:00 到 18:00;,星期三、07:00 到 18:00;,星期四、07:00 到 18:00;,星期五、07:00 到 18:00;,星期六、休息;,星期日、休息;
瑞洲門市,星期一、07:00 到 18:00;,星期二、07:00 到 18:00. ,星期三、07:00 到 18:00;,星期四、07:00 到 18:00;,星期五、07:00 到 18:00;,星期六、休息;,星期日、休息;
北投大業門市,星期一、07:30 到 21:30;,星期二、07:30 到 21:30. ,星期三、07:30 到 21:30;,星期四、07:30 到 21:30;,星期五、07:30 到 21:30;,星期六、07:30 到 21:30;,星期日、07:30 到 21:30;
環山門市,星期一、07:00 到 21:00;,星期二、07:00 到 21:00. ,星期三、07:00 到 21:00;,星期四、07:00 到 21:00;,星期五、07:00 到 21:00;,星期六、07:00 到 21:00;,星期日、07:00 到 21:00;
內湖陽光門市,星期一、07:00 到 18:00;,星期二、07:00 到 18:00. ,星期三、07:00 到 18:00;,星期四、07:00 到 18:00;,星期五、07:00 到 18:00;,星期六、休息;,星期日、休息;
忠誠門市,星期一、06:30 到 21:30;,星期二、06:30 到 21:30. ,星期三、06:30 到 21:30;,星期四、06:30 到 21:30;,星期五、06:30 到 21:30;,星期六、07:00 到 21:30;,星期日、07:00 到 21:30;
振興門市,星期一、06:30 到 21:00;,星期二、06:30 到 21:00. ,星期三、06:30 到 21:00;,星期四、06:30 到 21:00;,星期五、06:30 到 21:00;,星期六、06:30 到 21:00;,星期日、06:30 到 21:00;
台北榮總門市,星期一、06:30 到 21:00;,星期二、06:30 到 21:00. ,星期三、06:30 到 21:00;,星期四、06:30 到 21:00;,星期五、06:30 到 21:00;,星期六、06:30 到 21:00;,星期日、06:30 到 21:00;
大葉高島屋門市,星期一、08:00 到 21:30;,星期二、08:00 到 21:30. ,星期三、08:00 到 21:30;,星期四、08:00 到 21:30;,星期五、08:00 到 22:00;,星期六、08:00 到 22:00;,星期日、08:00 到 21:30;
天母中山門市,星期一、07:00 到 20:00;,星期二、07:00 到 20:00. ,星期三、07:00 到 20:00;,星期四、07:00 到 20:00;,星期五、07:00 到 20:00;,星期六、07:00 到 20:00;,星期日、07:00 到 20:00;
港墘門市,星期一、07:00 到 19:00;,星期二、07:00 到 19:00. ,星期三、07:00 到 19:00;,星期四、07:00 到 19:00;,星期五、07:00 到 19:00;,星期六、08:30 到 16:30;,星期日、08:30 到 16:30;
青埔華泰門市,星期一、11:00 到 21:00;,星期二、11:00 到 21:00. ,星期三、11:00 到 21:00;,星期四、11:00 到 21:00;,星期五、11:00 到 21:00;,星期六、11:00 到 22:00;,星期日、11:00 到 22:00;
洲子門市,星期一、07:00 到 20:00;,星期二、07:00 到 20:00. ,星期三、07:00 到 20:00;,星期四、07:00 到 20:00;,星期五、07:00 到 20:00;,星期六、07:00 到 18:00;,星期日、07:00 到 18:00;
青埔影城門市,星期一、11:00 到 21:00;,星期二、11:00 到 21:00. ,星期三、11:00 到 21:00;,星期四、11:00 到 21:00;,星期五、11:00 到 21:00;,星期六、11:00 到 22:00;,星期日、11:00 到 22:00;
平鎮家樂福門市,星期一、08:00 到 21:00;,星期二、08:00 到 21:00. ,星期三、08:00 到 21:00;,星期四、08:00 到 21:00;,星期五、08:00 到 21:00;,星期六、08:00 到 21:00;,星期日、08:00 到 21:00;
平鎮民族門市,星期一、07:00 到 21:30;,星期二、07:00 到 21:30. ,星期三、07:00 到 21:30;,星期四、07:00 到 21:30;,星期五、07:00 到 21:30;,星期六、07:00 到 21:30;,星期日、07:00 到 21:30;
青埔高鐵南門市(非高鐵站),星期一、07:00 到 21:30;,星期二、07:00 到 21:30. ,星期三、07:00 到 21:30;,星期四、07:00 到 21:30;,星期五、07:00 到 21:30;,星期六、07:00 到 21:30;,星期日、07:00 到 21:30;
天玉門市,星期一、06:30 到 21:30;,星期二、06:30 到 21:30. ,星期三、06:30 到 21:30;,星期四、06:30 到 21:30;,星期五、06:30 到 21:30;,星期六、06:30 到 21:30;,星期日、06:30 到 21:30;
天母三越門市,星期一、07:30 到 21:30;,星期二、07:30 到 21:30. ,星期三、07:30 到 21:30;,星期四、07:30 到 21:30;,星期五、07:30 到 22:00;,星期六、07:30 到 22:00;,星期日、07:30 到 21:30;
光明門市,星期一、07:00 到 21:30;,星期二、07:00 到 21:30. ,星期三、07:00 到 21:30;,星期四、07:00 到 21:30;,星期五、07:00 到 21:30;,星期六、07:00 到 21:30;,星期日、07:00 到 21:30;
內湖文德門市,星期一、06:30 到 21:00;,星期二、06:30 到 21:00. ,星期三、06:30 到 21:00;,星期四、06:30 到 21:00;,星期五、06:30 到 21:00;,星期六、06:30 到 21:00;,星期日、06:30 到 21:00;
內湖民權門市,星期一、07:00 到 21:30;,星期二、07:00 到 21:30. ,星期三、07:00 到 21:30;,星期四、07:00 到 21:30;,星期五、07:00 到 21:30;,星期六、07:00 到 21:30;,星期日、07:00 到 21:30;
龍潭門市,星期一、06:30 到 21:30;,星期二、06:30 到 21:30. ,星期三、06:30 到 21:30;,星期四、06:30 到 21:30;,星期五、06:30 到 21:30;,星期六、07:00 到 21:30;,星期日、07:00 到 21:30;
南港重陽門市,星期一、07:30 到 18:00;,星期二、07:30 到 18:00. ,星期三、07:30 到 18:00;,星期四、07:30 到 18:00;,星期五、07:30 到 18:00;,星期六、07:30 到 18:00;,星期日、07:30 到 18:00;
南港高鐵門市,星期一、06:30 到 22:00;,星期二、06:30 到 22:00. ,星期三、06:30 到 22:00;,星期四、06:30 到 22:00;,星期五、06:30 到 22:00;,星期六、06:30 到 22:00;,星期日、06:30 到 22:00;
航棧綠洲門市,星期一、08:00 到 18:00;,星期二、08:00 到 18:00. ,星期三、08:00 到 18:00;,星期四、08:00 到 18:00;,星期五、08:00 到 18:00;,星期六、08:00 到 19:00;,星期日、08:00 到 19:00;
南港車站門市,星期一、07:00 到 21:30;,星期二、07:00 到 21:30. ,星期三、07:00 到 21:30;,星期四、07:00 到 21:30;,星期五、07:00 到 22:00;,星期六、07:00 到 22:00;,星期日、07:00 到 21:30;
一航廈3F門市,星期一、05:30 到 20:00;,星期二、05:30 到 20:00. ,星期三、05:30 到 20:00;,星期四、05:30 到 20:00;,星期五、05:30 到 20:00;,星期六、05:30 到 19:00;,星期日、05:30 到 19:00;
二航廈5F門市,星期一、07:00 到 16:30;,星期二、07:00 到 16:30. ,星期三、07:00 到 16:30;,星期四、07:00 到 16:30;,星期五、07:00 到 16:30;,星期六、08:00 到 17:30;,星期日、08:00 到 17:30;
新二航廈B2門市,星期一、07:00 到 16:30;,星期二、07:00 到 16:30. ,星期三、07:00 到 16:30;,星期四、07:00 到 16:30;,星期五、07:00 到 16:30;,星期六、07:00 到 16:30;,星期日、07:00 到 16:30;
二航管制4F門市(管制區內),星期一、05:30 到 22:00;,星期二、05:30 到 22:00. ,星期三、05:30 到 22:00;,星期四、05:30 到 22:00;,星期五、05:30 到 22:00;,星期六、05:30 到 22:00;,星期日、05:30 到 22:00;
二航廈D3門市,星期一、05:30 到 22:00;,星期二、05:30 到 22:00. ,星期三、05:30 到 22:00;,星期四、05:30 到 22:00;,星期五、05:30 到 22:00;,星期六、05:30 到 22:00;,星期日、05:30 到 22:00;
紅樹林門市,星期一、07:30 到 20:30;,星期二、07:30 到 20:30. ,星期三、07:30 到 20:30;,星期四、07:30 到 20:30;,星期五、07:30 到 20:30;,星期六、07:30 到 20:30;,星期日、07:30 到 20:30;
二航廈4F門市(報到大廳),星期一、07:00 到 20:00;,星期二、07:00 到 20:00. ,星期三、07:00 到 20:00;,星期四、07:00 到 20:00;,星期五、07:00 到 20:00;,星期六、07:00 到 20:00;,星期日、07:00 到 20:00;
南園門市,星期一、07:30 到 17:30;,星期二、07:30 到 17:30. ,星期三、07:30 到 17:30;,星期四、07:30 到 17:30;,星期五、07:30 到 17:30;,星期六、休息;,星期日、休息;
南港門市,星期一、07:00 到 17:30;,星期二、07:00 到 17:30. ,星期三、07:00 到 17:30;,星期四、07:00 到 17:30;,星期五、07:00 到 17:30;,星期六、休息;,星期日、休息;
潤湖門市,星期一、08:00 到 21:30;,星期二、08:00 到 21:30. ,星期三、08:00 到 21:30;,星期四、08:00 到 21:30;,星期五、08:00 到 22:00;,星期六、08:00 到 22:00;,星期日、08:00 到 21:30;
南港中信門市,星期一、07:30 到 21:30;,星期二、07:30 到 21:30. ,星期三、07:30 到 21:30;,星期四、07:30 到 21:30;,星期五、07:30 到 21:30;,星期六、08:30 到 21:30;,星期日、08:30 到 21:30;
內湖葫洲門市,星期一、06:30 到 21:00;,星期二、06:30 到 21:00. ,星期三、06:30 到 21:00;,星期四、06:30 到 21:00;,星期五、06:30 到 21:00;,星期六、06:30 到 21:00;,星期日、06:30 到 21:00;
淡水門市,星期一、07:00 到 22:00;,星期二、07:00 到 22:00. ,星期三、07:00 到 22:00;,星期四、07:00 到 22:00;,星期五、07:00 到 22:00;,星期六、07:30 到 22:00;,星期日、07:30 到 22:00;
康寧門市,星期一、07:30 到 21:00;,星期二、07:30 到 21:00. ,星期三、07:30 到 21:00;,星期四、07:30 到 21:00;,星期五、07:30 到 21:00;,星期六、08:00 到 21:00;,星期日、08:00 到 21:00;
草山門市,星期一、08:00 到 20:00;,星期二、08:00 到 20:00. ,星期三、08:00 到 20:00;,星期四、08:00 到 20:00;,星期五、08:00 到 20:00;,星期六、08:00 到 20:00;,星期日、08:00 到 20:00;
河岸門市,星期一、08:00 到 21:00;,星期二、08:00 到 21:00. ,星期三、08:00 到 21:00;,星期四、08:00 到 21:00;,星期五、08:00 到 21:00;,星期六、07:30 到 22:00;,星期日、07:30 到 22:00;
大園門市,星期一、06:30 到 21:00;,星期二、06:30 到 21:00. ,星期三、06:30 到 21:00;,星期四、06:30 到 21:00;,星期五、06:30 到 21:00;,星期六、07:00 到 21:00;,星期日、07:00 到 21:00;
楊梅埔心門市,星期一、06:30 到 21:30;,星期二、06:30 到 21:30. ,星期三、06:30 到 21:30;,星期四、06:30 到 21:30;,星期五、06:30 到 21:30;,星期六、07:00 到 21:30;,星期日、07:00 到 21:30;
淡水雲門門市,星期一、10:00 到 17:30;,星期二、10:00 到 17:30. ,星期三、10:00 到 17:30;,星期四、10:00 到 17:30;,星期五、10:00 到 17:30;,星期六、09:30 到 18:30;,星期日、09:30 到 18:30;
漁人碼頭門市,星期一、12:00 到 19:00;,星期二、12:00 到 19:00. ,星期三、12:00 到 19:00;,星期四、12:00 到 19:00;,星期五、12:00 到 19:00;,星期六、09:00 到 20:00;,星期日、09:00 到 20:00;
淡海門市,星期一、07:00 到 22:00;,星期二、07:00 到 22:00. ,星期三、07:00 到 22:00;,星期四、07:00 到 22:00;,星期五、07:00 到 22:00;,星期六、07:00 到 22:00;,星期日、07:00 到 21:30;
汐止福德門市,星期一、07:30 到 20:30;,星期二、07:30 到 20:30. ,星期三、07:30 到 20:30;,星期四、07:30 到 20:30;,星期五、07:30 到 20:30;,星期六、07:30 到 20:30;,星期日、07:30 到 20:30;
東科門市,星期一、07:00 到 19:00;,星期二、07:00 到 19:00. ,星期三、07:00 到 19:00;,星期四、07:00 到 19:00;,星期五、07:00 到 19:00;,星期六、休息;,星期日、休息;
楊梅中山門市,星期一、06:30 到 22:00;,星期二、06:30 到 22:00. ,星期三、06:30 到 22:00;,星期四、06:30 到 22:00;,星期五、06:30 到 22:00;,星期六、07:00 到 22:00;,星期日、07:00 到 22:00;
汐科門市,星期一、07:00 到 21:30;,星期二、07:00 到 21:30. ,星期三、07:00 到 21:30;,星期四、07:00 到 21:30;,星期五、07:00 到 22:00;,星期六、08:00 到 22:00;,星期日、08:00 到 21:30;
汐止大同門市,星期一、07:00 到 21:30;,星期二、07:00 到 21:30. ,星期三、07:00 到 21:30;,星期四、07:00 到 21:30;,星期五、07:00 到 21:30;,星期六、07:00 到 21:30;,星期日、07:00 到 21:30;
汐止建成門市,星期一、07:00 到 21:00;,星期二、07:00 到 21:00. ,星期三、07:00 到 21:00;,星期四、07:00 到 21:00;,星期五、07:00 到 21:00;,星期六、07:00 到 21:00;,星期日、07:00 到 21:00;
基隆麥金門市,星期一、07:00 到 21:30;,星期二、07:00 到 21:30. ,星期三、07:00 到 21:30;,星期四、07:00 到 21:30;,星期五、07:00 到 21:30;,星期六、07:00 到 21:30;,星期日、07:00 到 21:30;
湖口竹笪門市,星期一、07:00 到 22:00;,星期二、07:00 到 22:00. ,星期三、07:00 到 22:00;,星期四、07:00 到 22:00;,星期五、07:00 到 22:00;,星期六、07:00 到 22:00;,星期日、07:00 到 22:00;
基隆南站門市,星期一、07:00 到 21:00;,星期二、07:00 到 21:00. ,星期三、07:00 到 21:00;,星期四、07:00 到 21:00;,星期五、07:00 到 21:00;,星期六、07:00 到 21:00;,星期日、07:00 到 21:00;
義14門市,星期一、07:00 到 21:30;,星期二、07:00 到 21:30. ,星期三、07:00 到 21:30;,星期四、07:00 到 21:30;,星期五、07:00 到 21:30;,星期六、07:00 到 21:30;,星期日、07:00 到 21:30;
礁溪門市,星期一、07:30 到 21:30;,星期二、07:30 到 21:30. ,星期三、07:30 到 21:30;,星期四、07:30 到 21:30;,星期五、07:30 到 21:30;,星期六、07:30 到 21:30;,星期日、07:30 到 21:30;
芎林文德門市,星期一、07:00 到 21:00;,星期二、07:00 到 21:00. ,星期三、07:00 到 21:00;,星期四、07:00 到 21:00;,星期五、07:00 到 21:00;,星期六、07:00 到 21:00;,星期日、07:00 到 21:00;
竹東杞林門市,星期一、07:00 到 21:00;,星期二、07:00 到 21:00. ,星期三、07:00 到 21:00;,星期四、07:00 到 21:00;,星期五、07:00 到 21:00;,星期六、07:00 到 21:00;,星期日、07:00 到 21:00;
宜蘭新月門市,星期一、08:00 到 21:30;,星期二、08:00 到 21:30. ,星期三、08:00 到 21:30;,星期四、08:00 到 21:30;,星期五、08:00 到 22:00;,星期六、08:00 到 22:00;,星期日、08:00 到 21:30;
六家門市,星期一、06:30 到 22:00;,星期二、06:30 到 22:00. ,星期三、06:30 到 22:00;,星期四、06:30 到 22:00;,星期五、06:30 到 22:00;,星期六、06:30 到 22:00;,星期日、06:30 到 22:00;
宜蘭門市,星期一、07:00 到 20:30;,星期二、07:00 到 20:30. ,星期三、07:00 到 20:30;,星期四、07:00 到 20:30;,星期五、07:00 到 20:30;,星期六、07:00 到 20:30;,星期日、07:00 到 20:30;
竹北華邦電門市,星期一、07:30 到 18:00;,星期二、07:30 到 18:00. ,星期三、07:30 到 18:00;,星期四、07:30 到 18:00;,星期五、07:30 到 18:00;,星期六、休息;,星期日、休息;
竹北嘉豐南門市,星期一、06:30 到 21:00;,星期二、06:30 到 21:00. ,星期三、06:30 到 21:00;,星期四、06:30 到 21:00;,星期五、06:30 到 21:00;,星期六、06:30 到 21:00;,星期日、06:30 到 21:00;
宜蘭宜興門市,星期一、07:30 到 20:30;,星期二、07:30 到 20:30. ,星期三、07:30 到 20:30;,星期四、07:30 到 20:30;,星期五、07:30 到 20:30;,星期六、07:30 到 20:30;,星期日、07:30 到 20:30;
台元二門市,星期一、07:30 到 17:30;,星期二、07:30 到 17:30. ,星期三、07:30 到 17:30;,星期四、07:30 到 17:30;,星期五、07:30 到 17:30;,星期六、休息;,星期日、休息;
竹北光明門市,星期一、06:30 到 21:00;,星期二、06:30 到 21:00. ,星期三、06:30 到 21:00;,星期四、06:30 到 21:00;,星期五、06:30 到 21:00;,星期六、06:30 到 21:00;,星期日、06:30 到 21:00;
湖口休息站門市(北向),星期一、08:00 到 21:00;,星期二、08:00 到 21:00. ,星期三、08:00 到 21:00;,星期四、08:00 到 21:00;,星期五、08:00 到 21:00;,星期六、08:00 到 21:00;,星期日、08:00 到 21:00;
台元門市,星期一、07:30 到 20:00;,星期二、07:30 到 20:00. ,星期三、07:30 到 20:00;,星期四、07:30 到 20:00;,星期五、07:30 到 20:00;,星期六、休息;,星期日、休息;
竹北遠百門市,星期一、11:00 到 22:00;,星期二、11:00 到 22:00. ,星期三、11:00 到 22:00;,星期四、11:00 到 22:00;,星期五、11:00 到 22:00;,星期六、11:00 到 22:00;,星期日、11:00 到 22:00;
竹北文興門市,星期一、06:30 到 21:00;,星期二、06:30 到 21:00. ,星期三、06:30 到 21:00;,星期四、06:30 到 21:00;,星期五、06:30 到 21:00;,星期六、06:30 到 21:00;,星期日、06:30 到 21:00;
竹北自強門市,星期一、06:30 到 22:00;,星期二、06:30 到 22:00. ,星期三、06:30 到 22:00;,星期四、06:30 到 22:00;,星期五、06:30 到 22:00;,星期六、06:30 到 22:00;,星期日、06:30 到 22:00;
基隆新豐門市,星期一、07:30 到 18:00;,星期二、07:30 到 18:00. ,星期三、07:30 到 18:00;,星期四、07:30 到 18:00;,星期五、07:30 到 18:00;,星期六、07:30 到 18:00;,星期日、07:30 到 18:00;
新竹北門市,星期一、06:30 到 21:30;,星期二、06:30 到 21:30. ,星期三、06:30 到 21:30;,星期四、06:30 到 21:30;,星期五、06:30 到 21:30;,星期六、06:30 到 21:30;,星期日、06:30 到 21:30;
新竹新豐門市,星期一、07:00 到 22:00;,星期二、07:00 到 22:00. ,星期三、07:00 到 22:00;,星期四、07:00 到 22:00;,星期五、07:00 到 22:00;,星期六、07:00 到 22:00;,星期日、07:00 到 22:00;
宜蘭頭城門市,星期一、07:30 到 18:00;,星期二、07:30 到 18:00. ,星期三、07:30 到 18:00;,星期四、07:30 到 18:00;,星期五、07:30 到 18:00;,星期六、07:30 到 18:00;,星期日、07:30 到 18:00;
新竹日光門市,星期一、06:30 到 21:30;,星期二、06:30 到 21:30. ,星期三、06:30 到 21:30;,星期四、06:30 到 21:30;,星期五、06:30 到 21:30;,星期六、06:30 到 21:30;,星期日、06:30 到 21:30;
新竹關埔門市,星期一、06:30 到 21:30;,星期二、06:30 到 21:30. ,星期三、06:30 到 21:30;,星期四、06:30 到 21:30;,星期五、06:30 到 21:30;,星期六、06:30 到 21:30;,星期日、06:30 到 21:30;
介壽門市,星期一、06:30 到 22:00;,星期二、06:30 到 22:00. ,星期三、06:30 到 22:00;,星期四、06:30 到 22:00;,星期五、06:30 到 22:00;,星期六、06:30 到 22:00;,星期日、06:30 到 22:00;
新竹達門市,星期一、07:00 到 19:00;,星期二、07:00 到 19:00. ,星期三、07:00 到 19:00;,星期四、07:00 到 19:00;,星期五、07:00 到 19:00;,星期六、休息;,星期日、休息;
聯發科門市,星期一、07:30 到 20:00;,星期二、07:30 到 20:00. ,星期三、07:30 到 20:00;,星期四、07:30 到 20:00;,星期五、07:30 到 20:00;,星期六、休息;,星期日、休息;
聯電門市,星期一、07:30 到 19:00;,星期二、07:30 到 19:00. ,星期三、07:30 到 19:00;,星期四、07:30 到 19:00;,星期五、07:30 到 19:00;,星期六、休息;,星期日、休息;
台積電門市,星期一、07:30 到 19:00;,星期二、07:30 到 19:00. ,星期三、07:30 到 19:00;,星期四、07:30 到 19:00;,星期五、07:30 到 19:00;,星期六、休息;,星期日、休息;
台積電12P7門市,星期一、07:30 到 19:00;,星期二、07:30 到 19:00. ,星期三、07:30 到 19:00;,星期四、07:30 到 19:00;,星期五、07:30 到 19:00;,星期六、休息;,星期日、休息;
台積電P4門市,星期一、07:30 到 19:00;,星期二、07:30 到 19:00. ,星期三、07:30 到 19:00;,星期四、07:30 到 19:00;,星期五、07:30 到 19:00;,星期六、休息;,星期日、休息;
友達GRC門市,星期一、07:30 到 16:30;,星期二、07:30 到 16:30. ,星期三、07:30 到 16:30;,星期四、07:30 到 16:30;,星期五、07:30 到 16:30;,星期六、休息;,星期日、休息;
光復清大門市,星期一、06:30 到 21:00;,星期二、06:30 到 21:00. ,星期三、06:30 到 21:00;,星期四、06:30 到 21:00;,星期五、06:30 到 21:00;,星期六、06:30 到 20:30;,星期日、06:30 到 20:30;
台積電RD門市,星期一、07:30 到 19:00;,星期二、07:30 到 19:00. ,星期三、07:30 到 19:00;,星期四、07:30 到 19:00;,星期五、07:30 到 19:00;,星期六、休息;,星期日、休息;
瑞昱門市,星期一、07:30 到 19:00;,星期二、07:30 到 19:00. ,星期三、07:30 到 19:00;,星期四、07:30 到 19:00;,星期五、07:30 到 19:00;,星期六、休息;,星期日、休息;
新竹大潤發門市,星期一、08:00 到 21:00;,星期二、08:00 到 21:00. ,星期三、08:00 到 21:00;,星期四、08:00 到 21:00;,星期五、08:00 到 21:00;,星期六、08:00 到 21:00;,星期日、08:00 到 21:00;
新竹台醫門市,星期一、07:00 到 15:00;,星期二、07:00 到 15:00. ,星期三、07:00 到 15:00;,星期四、07:00 到 15:00;,星期五、07:00 到 15:00;,星期六、休息;,星期日、休息;
台積電5門市,星期一、07:30 到 19:00;,星期二、07:30 到 19:00. ,星期三、07:30 到 19:00;,星期四、07:30 到 19:00;,星期五、07:30 到 19:00;,星期六、休息;,星期日、休息;
研新門市,星期一、07:30 到 19:00;,星期二、07:30 到 19:00. ,星期三、07:30 到 19:00;,星期四、07:30 到 19:00;,星期五、07:30 到 19:00;,星期六、休息;,星期日、休息;
新竹動物園門市,星期一、07:00 到 20:30;,星期二、07:00 到 20:30. ,星期三、07:00 到 20:30;,星期四、07:00 到 20:30;,星期五、07:00 到 20:30;,星期六、07:00 到 20:30;,星期日、07:00 到 20:30;
新竹巨城門市,星期一、09:00 到 21:30;,星期二、09:00 到 21:30. ,星期三、09:00 到 21:30;,星期四、09:00 到 21:30;,星期五、09:00 到 22:00;,星期六、09:00 到 22:00;,星期日、09:00 到 21:30;
園區門市,星期一、07:30 到 19:00;,星期二、07:30 到 19:00. ,星期三、07:30 到 19:00;,星期四、07:30 到 19:00;,星期五、07:30 到 19:00;,星期六、休息;,星期日、休息;
新竹大魯閣門市,星期一、07:00 到 21:30;,星期二、07:00 到 21:30. ,星期三、07:00 到 21:30;,星期四、07:00 到 21:30;,星期五、07:00 到 21:30;,星期六、07:00 到 21:30;,星期日、07:00 到 21:30;
羅東門市,星期一、07:00 到 21:30;,星期二、07:00 到 21:30. ,星期三、07:00 到 21:30;,星期四、07:00 到 21:30;,星期五、07:00 到 21:30;,星期六、07:00 到 21:30;,星期日、07:00 到 21:30;
新竹州圖門市,星期一、07:00 到 21:00;,星期二、07:00 到 21:00. ,星期三、07:00 到 21:00;,星期四、07:00 到 21:00;,星期五、07:00 到 21:00;,星期六、07:00 到 21:00;,星期日、07:00 到 21:00;
新竹北大門市,星期一、06:30 到 21:30;,星期二、06:30 到 21:30. ,星期三、06:30 到 21:30;,星期四、06:30 到 21:30;,星期五、06:30 到 21:30;,星期六、06:30 到 21:30;,星期日、06:30 到 21:30;
西大門市,星期一、08:30 到 21:30;,星期二、08:30 到 21:30. ,星期三、08:30 到 21:30;,星期四、08:30 到 21:30;,星期五、08:30 到 22:00;,星期六、08:30 到 22:00;,星期日、08:30 到 21:30;
新竹竹光門市,星期一、06:30 到 21:30;,星期二、06:30 到 21:30. ,星期三、06:30 到 21:30;,星期四、06:30 到 21:30;,星期五、06:30 到 21:30;,星期六、06:30 到 21:30;,星期日、06:30 到 21:30;
福隆觀海門市,星期一、09:30 到 18:00;,星期二、09:30 到 18:00. ,星期三、09:30 到 18:00;,星期四、09:30 到 18:00;,星期五、09:30 到 18:00;,星期六、08:00 到 19:00;,星期日、08:00 到 19:00;
頭份尚順門市,星期一、09:00 到 21:30;,星期二、09:00 到 21:30. ,星期三、09:00 到 21:30;,星期四、09:00 到 21:30;,星期五、09:00 到 21:30;,星期六、09:00 到 21:30;,星期日、09:00 到 21:30;
頭份中央門市,星期一、06:30 到 21:00;,星期二、06:30 到 21:00. ,星期三、06:30 到 21:00;,星期四、06:30 到 21:00;,星期五、06:30 到 21:00;,星期六、06:30 到 21:00;,星期日、06:30 到 21:00;
竹南門市,星期一、06:30 到 21:30;,星期二、06:30 到 21:30. ,星期三、06:30 到 21:30;,星期四、06:30 到 21:30;,星期五、06:30 到 21:30;,星期六、06:30 到 21:30;,星期日、06:30 到 21:30;
苗栗高鐵門市,星期一、06:30 到 21:30;,星期二、06:30 到 21:30. ,星期三、06:30 到 21:30;,星期四、06:30 到 21:30;,星期五、06:30 到 21:30;,星期六、06:30 到 21:30;,星期日、06:30 到 21:30;
苗栗國華門市,星期一、06:30 到 21:00;,星期二、06:30 到 21:00. ,星期三、06:30 到 21:00;,星期四、06:30 到 21:00;,星期五、06:30 到 21:00;,星期六、06:30 到 21:00;,星期日、06:30 到 21:00;
西湖休息站門市,星期一、06:30 到 21:00;,星期二、06:30 到 21:00. ,星期三、06:30 到 21:00;,星期四、06:30 到 21:00;,星期五、06:30 到 21:00;,星期六、06:30 到 21:00;,星期日、06:30 到 21:00;
花蓮和平門市,星期一、08:30 到 18:30;,星期二、08:30 到 18:30. ,星期三、08:30 到 18:30;,星期四、08:30 到 18:30;,星期五、08:30 到 18:30;,星期六、08:30 到 20:00;,星期日、08:30 到 18:30;
泰安北門市(北向),星期一、07:00 到 21:00;,星期二、07:00 到 21:00. ,星期三、07:00 到 21:00;,星期四、07:00 到 21:00;,星期五、07:00 到 21:00;,星期六、07:00 到 22:00;,星期日、07:00 到 22:00;
泰安南門市(南向),星期一、07:30 到 21:00;,星期二、07:30 到 21:00. ,星期三、07:30 到 21:00;,星期四、07:30 到 21:00;,星期五、07:00 到 21:00;,星期六、07:00 到 21:00;,星期日、07:30 到 21:00;
美光門市,星期一、07:30 到 17:30;,星期二、07:30 到 17:30. ,星期三、07:30 到 17:30;,星期四、07:30 到 17:30;,星期五、07:30 到 17:30;,星期六、休息;,星期日、休息;
麗寶鐘樓門市,星期一、11:00 到 21:30;,星期二、11:00 到 21:30. ,星期三、11:00 到 21:30;,星期四、11:00 到 21:30;,星期五、11:00 到 22:00;,星期六、10:30 到 22:00;,星期日、10:30 到 21:30;
台中麗寶門市,星期一、11:00 到 21:30;,星期二、11:00 到 21:30. ,星期三、11:00 到 21:30;,星期四、11:00 到 21:30;,星期五、11:00 到 22:00;,星期六、10:30 到 22:00;,星期日、10:30 到 21:30;
豐原向陽門市,星期一、06:30 到 21:30;,星期二、06:30 到 21:30. ,星期三、06:30 到 21:30;,星期四、06:30 到 21:30;,星期五、06:30 到 21:30;,星期六、06:30 到 21:30;,星期日、06:30 到 21:30;
清境門市,星期一、09:00 到 18:00;,星期二、09:00 到 18:00. ,星期三、09:00 到 18:00;,星期四、09:00 到 18:00;,星期五、09:00 到 19:00;,星期六、09:00 到 19:00;,星期日、09:00 到 19:00;
豐原門市,星期一、09:00 到 22:00;,星期二、09:00 到 22:00. ,星期三、09:00 到 22:00;,星期四、09:00 到 22:00;,星期五、09:00 到 22:00;,星期六、09:00 到 22:00;,星期日、09:00 到 22:00;
豐原家樂福門市,星期一、07:00 到 22:00;,星期二、07:00 到 22:00. ,星期三、07:00 到 22:00;,星期四、07:00 到 22:00;,星期五、07:00 到 22:00;,星期六、07:00 到 22:00;,星期日、07:00 到 22:00;
豐原大道門市,星期一、07:00 到 21:00;,星期二、07:00 到 21:00. ,星期三、07:00 到 21:00;,星期四、07:00 到 21:00;,星期五、07:00 到 21:00;,星期六、07:00 到 21:00;,星期日、07:00 到 21:00;
花蓮中央門市,星期一、07:30 到 21:00;,星期二、07:30 到 21:00. ,星期三、07:30 到 21:00;,星期四、07:30 到 21:00;,星期五、07:30 到 21:00;,星期六、07:30 到 21:00;,星期日、07:30 到 21:00;
花蓮新站門市,星期一、08:00 到 21:00;,星期二、08:00 到 21:00. ,星期三、08:00 到 21:00;,星期四、08:00 到 21:00;,星期五、08:00 到 21:00;,星期六、08:00 到 21:00;,星期日、08:00 到 21:00;
台中慈濟門市,星期一、07:00 到 18:00;,星期二、07:00 到 18:00. ,星期三、07:00 到 18:00;,星期四、07:00 到 18:00;,星期五、07:00 到 18:00;,星期六、07:00 到 14:00;,星期日、休息;
潭子門市,星期一、07:00 到 21:30;,星期二、07:00 到 21:30. ,星期三、07:00 到 21:30;,星期四、07:00 到 21:30;,星期五、07:00 到 21:30;,星期六、07:00 到 21:30;,星期日、07:00 到 21:30;
花蓮遠百門市,星期一、08:30 到 21:30;,星期二、08:30 到 21:30. ,星期三、08:30 到 21:30;,星期四、08:30 到 21:30;,星期五、08:30 到 21:30;,星期六、08:00 到 21:30;,星期日、08:00 到 21:30;
花蓮門市,星期一、07:30 到 22:00;,星期二、07:30 到 22:00. ,星期三、07:30 到 22:00;,星期四、07:30 到 22:00;,星期五、07:30 到 22:00;,星期六、07:30 到 22:00;,星期日、07:30 到 22:00;
清水站3F,星期一、06:30 到 21:00;,星期二、06:30 到 21:00. ,星期三、06:30 到 21:00;,星期四、06:30 到 21:00;,星期五、06:30 到 21:00;,星期六、07:00 到 21:00;,星期日、07:00 到 21:00;
軍功東山門市,星期一、06:30 到 21:30;,星期二、06:30 到 21:30. ,星期三、06:30 到 21:30;,星期四、06:30 到 21:30;,星期五、06:30 到 21:30;,星期六、06:30 到 21:30;,星期日、06:30 到 21:30;
大雅門市,星期一、06:30 到 21:30;,星期二、06:30 到 21:30. ,星期三、06:30 到 21:30;,星期四、06:30 到 21:30;,星期五、06:30 到 21:30;,星期六、06:30 到 21:30;,星期日、06:30 到 21:30;
崇德昌平門市,星期一、06:30 到 22:30;,星期二、06:30 到 22:30. ,星期三、06:30 到 22:30;,星期四、06:30 到 22:30;,星期五、06:30 到 22:30;,星期六、06:30 到 22:30;,星期日、06:30 到 22:30;
松竹洲際門市,星期一、07:00 到 20:00;,星期二、07:00 到 20:00. ,星期三、07:00 到 20:00;,星期四、07:00 到 20:00;,星期五、07:00 到 20:00;,星期六、07:00 到 20:00;,星期日、07:00 到 20:00;
松竹門市,星期一、07:00 到 20:30;,星期二、07:00 到 20:30. ,星期三、07:00 到 20:30;,星期四、07:00 到 20:30;,星期五、07:00 到 20:30;,星期六、07:00 到 20:30;,星期日、07:00 到 20:30;
松竹安順門市,星期一、07:00 到 21:00;,星期二、07:00 到 21:00. ,星期三、07:00 到 21:00;,星期四、07:00 到 21:00;,星期五、07:00 到 21:00;,星期六、07:00 到 21:00;,星期日、07:00 到 21:00;
文心昌平門市,星期一、07:00 到 21:30;,星期二、07:00 到 21:30. ,星期三、07:00 到 21:30;,星期四、07:00 到 21:30;,星期五、07:00 到 21:30;,星期六、07:00 到 21:30;,星期日、07:00 到 21:30;
太平門市,星期一、07:00 到 22:00;,星期二、07:00 到 22:00. ,星期三、07:00 到 22:00;,星期四、07:00 到 22:00;,星期五、07:00 到 22:00;,星期六、07:00 到 22:00;,星期日、07:00 到 22:00;
中清門市,星期一、06:30 到 22:00;,星期二、06:30 到 22:00. ,星期三、06:30 到 22:00;,星期四、06:30 到 22:00;,星期五、06:30 到 22:00;,星期六、06:30 到 22:00;,星期日、06:30 到 22:00;
清水門市,星期一、06:30 到 21:00;,星期二、06:30 到 21:00. ,星期三、06:30 到 21:00;,星期四、06:30 到 21:00;,星期五、06:30 到 21:00;,星期六、07:00 到 21:00;,星期日、07:00 到 21:00;
洄瀾門市,星期一、08:30 到 20:30;,星期二、08:30 到 20:30. ,星期三、08:30 到 20:30;,星期四、08:30 到 20:30;,星期五、08:30 到 20:30;,星期六、08:30 到 20:30;,星期日、08:30 到 20:30;
崇德北興門市,星期一、07:00 到 21:30;,星期二、07:00 到 21:30. ,星期三、07:00 到 21:30;,星期四、07:00 到 21:30;,星期五、07:00 到 21:30;,星期六、07:00 到 21:30;,星期日、07:00 到 21:30;
台積電15門市,星期一、07:30 到 19:00;,星期二、07:30 到 19:00. ,星期三、07:30 到 19:00;,星期四、07:30 到 19:00;,星期五、07:30 到 19:00;,星期六、休息;,星期日、休息;
中清太原門市,星期一、06:30 到 21:00;,星期二、06:30 到 21:00. ,星期三、06:30 到 21:00;,星期四、06:30 到 21:00;,星期五、06:30 到 21:00;,星期六、06:30 到 21:00;,星期日、06:30 到 21:00;
太平中興門市,星期一、07:00 到 21:30;,星期二、07:00 到 21:30. ,星期三、07:00 到 21:30;,星期四、07:00 到 21:30;,星期五、07:00 到 21:30;,星期六、07:00 到 21:30;,星期日、07:00 到 21:30;
中醫門市,星期一、07:00 到 21:00;,星期二、07:00 到 21:00. ,星期三、07:00 到 21:00;,星期四、07:00 到 21:00;,星期五、07:00 到 21:00;,星期六、07:30 到 19:00;,星期日、07:30 到 19:00;
中醫二門市,星期一、07:00 到 21:00;,星期二、07:00 到 21:00. ,星期三、07:00 到 21:00;,星期四、07:00 到 21:00;,星期五、07:00 到 21:00;,星期六、07:30 到 19:00;,星期日、07:30 到 19:00;
中友門市,星期一、09:00 到 21:30;,星期二、09:00 到 21:30. ,星期三、09:00 到 21:30;,星期四、09:00 到 21:30;,星期五、09:00 到 22:00;,星期六、09:00 到 22:00;,星期日、09:00 到 21:30;
中友二門市,星期一、11:00 到 21:30;,星期二、11:00 到 21:30. ,星期三、11:00 到 21:30;,星期四、11:00 到 21:30;,星期五、11:00 到 21:30;,星期六、11:00 到 22:00;,星期日、11:00 到 22:00;
逢甲大學門市,星期一、08:30 到 17:30;,星期二、08:30 到 17:30. ,星期三、08:30 到 17:30;,星期四、08:30 到 17:30;,星期五、08:30 到 17:30;,星期六、09:00 到 16:30;,星期日、09:00 到 16:30;
台積電15B門市,星期一、07:30 到 19:00;,星期二、07:30 到 19:00. ,星期三、07:30 到 19:00;,星期四、07:30 到 19:00;,星期五、07:30 到 19:00;,星期六、休息;,星期日、休息;
文心甘肅門市,星期一、07:00 到 21:00;,星期二、07:00 到 21:00. ,星期三、07:00 到 21:00;,星期四、07:00 到 21:00;,星期五、07:00 到 21:00;,星期六、07:00 到 21:00;,星期日、07:00 到 21:00;
日曜門市,星期一、11:00 到 22:00;,星期二、11:00 到 22:00. ,星期三、11:00 到 22:00;,星期四、11:00 到 22:00;,星期五、11:00 到 22:00;,星期六、11:00 到 22:00;,星期日、11:00 到 22:00;
黎明福科門市,星期一、06:30 到 21:30;,星期二、06:30 到 21:30. ,星期三、06:30 到 21:30;,星期四、06:30 到 21:30;,星期五、06:30 到 21:30;,星期六、06:30 到 21:30;,星期日、06:30 到 21:30;
台中金典門市,星期一、11:00 到 22:00;,星期二、11:00 到 22:00. ,星期三、11:00 到 22:00;,星期四、11:00 到 22:00;,星期五、11:00 到 22:00;,星期六、10:30 到 22:00;,星期日、10:30 到 22:00;
台中LALA門市,星期一、11:00 到 22:00;,星期二、11:00 到 22:00. ,星期三、11:00 到 22:00;,星期四、11:00 到 22:00;,星期五、11:00 到 22:00;,星期六、10:30 到 22:00;,星期日、10:30 到 22:00;
中港門市,星期一、06:30 到 21:00;,星期二、06:30 到 21:00. ,星期三、06:30 到 21:00;,星期四、06:30 到 21:00;,星期五、06:30 到 21:00;,星期六、06:30 到 21:00;,星期日、06:30 到 21:00;
河南青海門市,星期一、07:00 到 21:30;,星期二、07:00 到 21:30. ,星期三、07:00 到 21:30;,星期四、07:00 到 21:30;,星期五、07:00 到 21:30;,星期六、07:00 到 21:30;,星期日、07:00 到 21:30;
台中新時代門市,星期一、07:00 到 22:00;,星期二、07:00 到 22:00. ,星期三、07:00 到 22:00;,星期四、07:00 到 22:00;,星期五、07:00 到 22:00;,星期六、07:00 到 22:00;,星期日、07:00 到 22:00;
中正繼光門市,星期一、07:00 到 21:00;,星期二、07:00 到 21:00. ,星期三、07:00 到 21:00;,星期四、07:00 到 21:00;,星期五、07:00 到 21:00;,星期六、07:00 到 21:00;,星期日、07:00 到 21:00;
廣三SOGO門市,星期一、11:00 到 22:00;,星期二、11:00 到 22:00. ,星期三、11:00 到 22:00;,星期四、11:00 到 22:00;,星期五、11:00 到 22:00;,星期六、10:30 到 22:00;,星期日、10:30 到 22:00;
沙鹿北勢門市,星期一、06:30 到 21:30;,星期二、06:30 到 21:30. ,星期三、06:30 到 21:30;,星期四、06:30 到 21:30;,星期五、06:30 到 21:30;,星期六、06:30 到 21:30;,星期日、06:30 到 21:30;
園道門市,星期一、07:00 到 22:00;,星期二、07:00 到 22:00. ,星期三、07:00 到 22:00;,星期四、07:00 到 22:00;,星期五、07:00 到 22:30;,星期六、07:00 到 22:30;,星期日、07:00 到 22:00;
台中遠百門市,星期一、11:00 到 22:00;,星期二、11:00 到 22:00. ,星期三、11:00 到 22:00;,星期四、11:00 到 22:00;,星期五、11:00 到 22:00;,星期六、10:30 到 22:00;,星期日、10:30 到 22:00;
米平方門市,星期一、07:00 到 21:30;,星期二、07:00 到 21:30. ,星期三、07:00 到 21:30;,星期四、07:00 到 21:30;,星期五、07:00 到 21:30;,星期六、07:30 到 21:30;,星期日、07:30 到 21:30;
三越一店門市,星期一、11:00 到 22:00;,星期二、11:00 到 22:00. ,星期三、11:00 到 22:00;,星期四、11:00 到 22:00;,星期五、11:00 到 22:00;,星期六、10:30 到 22:00;,星期日、10:30 到 22:00;
台中三越11門市,星期一、11:00 到 22:00;,星期二、11:00 到 22:00. ,星期三、11:00 到 22:00;,星期四、11:00 到 22:00;,星期五、11:00 到 22:00;,星期六、10:30 到 22:00;,星期日、10:30 到 22:00;
超億門市,星期一、07:00 到 21:00;,星期二、07:00 到 21:00. ,星期三、07:00 到 21:00;,星期四、07:00 到 21:00;,星期五、07:00 到 21:00;,星期六、07:00 到 21:00;,星期日、07:00 到 21:00;
朝富門市,星期一、07:00 到 21:00;,星期二、07:00 到 21:00. ,星期三、07:00 到 21:00;,星期四、07:00 到 21:00;,星期五、07:00 到 21:00;,星期六、07:00 到 21:00;,星期日、07:00 到 21:00;
福康門市,星期一、07:00 到 21:30;,星期二、07:00 到 21:30. ,星期三、07:00 到 21:30;,星期四、07:00 到 21:30;,星期五、07:00 到 21:30;,星期六、07:30 到 21:30;,星期日、07:30 到 21:30;
美村向上門市,星期一、07:00 到 22:00;,星期二、07:00 到 22:00. ,星期三、07:00 到 22:00;,星期四、07:00 到 22:00;,星期五、07:00 到 22:00;,星期六、07:00 到 22:00;,星期日、07:00 到 22:00;
沙鹿門市,星期一、06:30 到 22:00;,星期二、06:30 到 22:00. ,星期三、06:30 到 22:00;,星期四、06:30 到 22:00;,星期五、06:30 到 22:00;,星期六、07:00 到 21:30;,星期日、07:00 到 21:30;
童綜合門市,星期一、07:00 到 20:00;,星期二、07:00 到 20:00. ,星期三、07:00 到 20:00;,星期四、07:00 到 20:00;,星期五、07:00 到 20:00;,星期六、07:30 到 15:30;,星期日、休息;
誠品480門市,星期一、11:00 到 22:00;,星期二、11:00 到 22:00. ,星期三、11:00 到 22:00;,星期四、11:00 到 22:00;,星期五、11:00 到 22:00;,星期六、11:00 到 22:00;,星期日、11:00 到 22:00;
大英門市,星期一、06:30 到 22:00;,星期二、06:30 到 22:00. ,星期三、06:30 到 22:00;,星期四、06:30 到 22:00;,星期五、06:30 到 22:00;,星期六、06:30 到 22:00;,星期日、06:30 到 22:00;
市政門市,星期一、06:30 到 21:30;,星期二、06:30 到 21:30. ,星期三、06:30 到 21:30;,星期四、06:30 到 21:30;,星期五、06:30 到 21:30;,星期六、06:30 到 21:30;,星期日、06:30 到 21:30;
中榮門市,星期一、07:00 到 19:00;,星期二、07:00 到 19:00. ,星期三、07:00 到 19:00;,星期四、07:00 到 19:00;,星期五、07:00 到 19:00;,星期六、07:00 到 16:00;,星期日、07:00 到 16:00;
五權門市,星期一、07:00 到 21:30;,星期二、07:00 到 21:30. ,星期三、07:00 到 21:30;,星期四、07:00 到 21:30;,星期五、07:00 到 21:30;,星期六、07:00 到 21:30;,星期日、07:00 到 21:30;
國資圖門市,星期一、07:00 到 21:00;,星期二、07:00 到 21:00. ,星期三、07:00 到 21:00;,星期四、07:00 到 21:00;,星期五、07:00 到 21:00;,星期六、07:00 到 21:00;,星期日、07:00 到 21:00;
MITSUI台中門市,星期一、11:00 到 21:30;,星期二、11:00 到 21:30. ,星期三、11:00 到 21:30;,星期四、11:00 到 21:30;,星期五、11:00 到 21:30;,星期六、10:30 到 21:30;,星期日、10:30 到 21:30;
埔里門市,星期一、07:00 到 21:30;,星期二、07:00 到 21:30. ,星期三、07:00 到 21:30;,星期四、07:00 到 21:30;,星期五、07:00 到 21:30;,星期六、07:00 到 21:30;,星期日、07:00 到 21:30;
向心門市,星期一、07:00 到 21:30;,星期二、07:00 到 21:30. ,星期三、07:00 到 21:30;,星期四、07:00 到 21:30;,星期五、07:00 到 21:30;,星期六、07:00 到 21:30;,星期日、07:00 到 21:30;
五權惠中門市,星期一、07:00 到 21:00;,星期二、07:00 到 21:00. ,星期三、07:00 到 21:00;,星期四、07:00 到 21:00;,星期五、07:00 到 21:00;,星期六、07:00 到 21:00;,星期日、07:00 到 21:00;
台中龍井門市,星期一、07:00 到 21:00;,星期二、07:00 到 21:00. ,星期三、07:00 到 21:00;,星期四、07:00 到 21:00;,星期五、07:00 到 21:00;,星期六、07:00 到 21:00;,星期日、07:00 到 21:00;
大里門市,星期一、07:00 到 22:00;,星期二、07:00 到 22:00. ,星期三、07:00 到 22:00;,星期四、07:00 到 22:00;,星期五、07:00 到 22:00;,星期六、07:00 到 22:00;,星期日、07:00 到 22:00;
文心秀泰門市,星期一、11:00 到 22:00;,星期二、11:00 到 22:00. ,星期三、11:00 到 22:00;,星期四、11:00 到 22:00;,星期五、11:00 到 22:00;,星期六、10:30 到 22:00;,星期日、10:30 到 22:00;
永春東門市,星期一、06:30 到 22:00;,星期二、06:30 到 22:00. ,星期三、06:30 到 22:00;,星期四、06:30 到 22:00;,星期五、06:30 到 22:00;,星期六、06:30 到 22:00;,星期日、06:30 到 22:00;
中山醫門市,星期一、07:00 到 20:00;,星期二、07:00 到 20:00. ,星期三、07:00 到 20:00;,星期四、07:00 到 20:00;,星期五、07:00 到 20:00;,星期六、07:00 到 17:00;,星期日、07:00 到 17:00;
文心大慶門市,星期一、06:30 到 21:30;,星期二、06:30 到 21:30. ,星期三、06:30 到 21:30;,星期四、06:30 到 21:30;,星期五、06:30 到 21:30;,星期六、06:30 到 21:30;,星期日、06:30 到 21:30;
大里中興門市,星期一、07:00 到 22:00;,星期二、07:00 到 22:00. ,星期三、07:00 到 22:00;,星期四、07:00 到 22:00;,星期五、07:00 到 22:00;,星期六、07:00 到 22:00;,星期日、07:00 到 22:00;
花蓮理想門市,星期一、09:00 到 19:00;,星期二、09:00 到 19:00. ,星期三、09:00 到 19:00;,星期四、09:00 到 19:00;,星期五、08:00 到 19:00;,星期六、08:00 到 19:00;,星期日、08:00 到 19:00;
烏日中山門市,星期一、06:30 到 21:30;,星期二、06:30 到 21:30. ,星期三、06:30 到 21:30;,星期四、06:30 到 21:30;,星期五、06:30 到 21:30;,星期六、06:30 到 21:30;,星期日、06:30 到 21:30;
烏日門市,星期一、06:00 到 22:00;,星期二、06:00 到 22:00. ,星期三、06:00 到 22:00;,星期四、06:00 到 22:00;,星期五、06:00 到 22:00;,星期六、06:00 到 22:00;,星期日、06:00 到 22:00;
台中大肚門市,星期一、07:00 到 21:00;,星期二、07:00 到 21:00. ,星期三、07:00 到 21:00;,星期四、07:00 到 21:00;,星期五、07:00 到 21:00;,星期六、07:00 到 21:00;,星期日、07:00 到 21:00;
彰化金馬門市,星期一、07:00 到 21:30;,星期二、07:00 到 21:30. ,星期三、07:00 到 21:30;,星期四、07:00 到 21:30;,星期五、07:00 到 21:30;,星期六、07:00 到 21:30;,星期日、07:00 到 21:30;
草屯門市,星期一、07:00 到 21:00;,星期二、07:00 到 21:00. ,星期三、07:00 到 21:00;,星期四、07:00 到 21:00;,星期五、07:00 到 21:00;,星期六、07:00 到 21:00;,星期日、07:00 到 21:00;
日月潭門市,星期一、07:30 到 20:00;,星期二、07:30 到 20:00. ,星期三、07:30 到 20:00;,星期四、07:30 到 20:00;,星期五、07:30 到 20:00;,星期六、07:30 到 20:00;,星期日、07:30 到 20:00;
彰基二,星期一、07:00 到 20:30;,星期二、07:00 到 20:30. ,星期三、07:00 到 20:30;,星期四、07:00 到 20:30;,星期五、07:00 到 20:30;,星期六、07:30 到 16:00;,星期日、07:30 到 16:00;
彰基門市,星期一、07:00 到 20:30;,星期二、07:00 到 20:30. ,星期三、07:00 到 20:30;,星期四、07:00 到 20:30;,星期五、07:00 到 20:30;,星期六、07:00 到 17:30;,星期日、07:00 到 17:30;
和美門市,星期一、07:00 到 21:00;,星期二、07:00 到 21:00. ,星期三、07:00 到 21:00;,星期四、07:00 到 21:00;,星期五、07:00 到 21:00;,星期六、07:00 到 21:00;,星期日、07:00 到 21:00;
彰化曉陽門市,星期一、06:30 到 21:30;,星期二、06:30 到 21:30. ,星期三、06:30 到 21:30;,星期四、06:30 到 21:30;,星期五、06:30 到 21:30;,星期六、06:30 到 21:30;,星期日、06:30 到 21:30;
彰化中山門市,星期一、06:30 到 21:30;,星期二、06:30 到 21:30. ,星期三、06:30 到 21:30;,星期四、06:30 到 21:30;,星期五、06:30 到 21:30;,星期六、06:30 到 21:30;,星期日、06:30 到 21:30;
彰化花壇,星期一、06:30 到 22:00;,星期二、06:30 到 22:00. ,星期三、06:30 到 22:00;,星期四、06:30 到 22:00;,星期五、06:30 到 22:00;,星期六、06:30 到 22:00;,星期日、06:30 到 22:00;
南投華陽門市,星期一、07:00 到 20:30;,星期二、07:00 到 20:30. ,星期三、07:00 到 20:30;,星期四、07:00 到 20:30;,星期五、07:00 到 20:30;,星期六、07:00 到 20:30;,星期日、07:00 到 20:30;
南投休息站門市,星期一、07:00 到 22:00;,星期二、07:00 到 22:00. ,星期三、07:00 到 22:00;,星期四、07:00 到 22:00;,星期五、07:00 到 22:30;,星期六、06:30 到 22:30;,星期日、06:30 到 22:30;
南投家樂福門市,星期一、10:00 到 22:00;,星期二、10:00 到 22:00. ,星期三、10:00 到 22:00;,星期四、10:00 到 22:00;,星期五、10:00 到 22:00;,星期六、10:00 到 22:00;,星期日、10:00 到 22:00;
員林門市,星期一、06:30 到 21:30;,星期二、06:30 到 21:30. ,星期三、06:30 到 21:30;,星期四、06:30 到 21:30;,星期五、06:30 到 21:30;,星期六、06:30 到 21:30;,星期日、06:30 到 21:30;
鹿港門市,星期一、06:30 到 21:30;,星期二、06:30 到 21:30. ,星期三、06:30 到 21:30;,星期四、06:30 到 21:30;,星期五、06:30 到 21:30;,星期六、06:30 到 21:30;,星期日、06:30 到 21:30;
彰化埔心門市,星期一、07:00 到 21:30;,星期二、07:00 到 21:30. ,星期三、07:00 到 21:30;,星期四、07:00 到 21:30;,星期五、07:00 到 21:30;,星期六、07:00 到 21:30;,星期日、07:00 到 21:30;
員林大潤發門市,星期一、09:30 到 22:00;,星期二、09:30 到 22:00. ,星期三、09:30 到 22:00;,星期四、09:30 到 22:00;,星期五、09:30 到 22:00;,星期六、09:30 到 22:00;,星期日、09:30 到 22:00;
彰化社頭門市,星期一、07:00 到 21:00;,星期二、07:00 到 21:00. ,星期三、07:00 到 21:00;,星期四、07:00 到 21:00;,星期五、07:00 到 21:00;,星期六、07:00 到 21:00;,星期日、07:00 到 21:00;
彰化溪湖門市,星期一、06:30 到 21:30;,星期二、06:30 到 21:30. ,星期三、06:30 到 21:30;,星期四、06:30 到 21:30;,星期五、06:30 到 21:30;,星期六、06:30 到 21:30;,星期日、06:30 到 21:30;
彰化高鐵門市,星期一、06:30 到 21:00;,星期二、06:30 到 21:00. ,星期三、06:30 到 21:00;,星期四、06:30 到 21:00;,星期五、06:30 到 21:00;,星期六、06:30 到 21:00;,星期日、06:30 到 21:00;
彰化北斗門市,星期一、07:00 到 21:00;,星期二、07:00 到 21:00. ,星期三、07:00 到 21:00;,星期四、07:00 到 21:00;,星期五、07:00 到 21:00;,星期六、07:00 到 21:00;,星期日、07:00 到 21:00;
西螺門市(南向),星期一、06:30 到 22:00;,星期二、06:30 到 22:00. ,星期三、06:30 到 22:00;,星期四、06:30 到 22:00;,星期五、06:30 到 22:00;,星期六、06:30 到 22:00;,星期日、06:30 到 22:00;
斗六中正門市,星期一、07:00 到 22:00;,星期二、07:00 到 22:00. ,星期三、07:00 到 22:00;,星期四、07:00 到 22:00;,星期五、07:00 到 22:00;,星期六、07:00 到 22:00;,星期日、07:00 到 22:00;
斗六門市,星期一、06:30 到 21:30;,星期二、06:30 到 21:30. ,星期三、06:30 到 21:30;,星期四、06:30 到 21:30;,星期五、06:30 到 21:30;,星期六、06:30 到 21:30;,星期日、06:30 到 21:30;
雲林高鐵門市,星期一、06:30 到 21:00;,星期二、06:30 到 21:00. ,星期三、06:30 到 21:00;,星期四、06:30 到 21:00;,星期五、06:30 到 21:00;,星期六、06:30 到 21:00;,星期日、06:30 到 21:00;
虎尾門市,星期一、07:00 到 21:30;,星期二、07:00 到 21:30. ,星期三、07:00 到 21:30;,星期四、07:00 到 21:30;,星期五、07:00 到 21:30;,星期六、07:00 到 21:30;,星期日、07:00 到 21:30;
雲林斗南門市,星期一、07:00 到 21:30;,星期二、07:00 到 21:30. ,星期三、07:00 到 21:30;,星期四、07:00 到 21:30;,星期五、07:00 到 21:30;,星期六、07:00 到 21:30;,星期日、07:00 到 21:30;
古坑休息站門市,星期一、08:00 到 20:00;,星期二、08:00 到 20:00. ,星期三、08:00 到 20:00;,星期四、08:00 到 20:00;,星期五、08:00 到 20:00;,星期六、08:00 到 21:00;,星期日、08:00 到 21:00;
雲林麥寮門市,星期一、07:30 到 21:00;,星期二、07:30 到 21:00. ,星期三、07:30 到 21:00;,星期四、07:07 到 21:00;,星期五、07:30 到 21:00;,星期六、07:30 到 21:00;,星期日、07:30 到 21:00;
嘉義民雄門市,星期一、07:00 到 22:00;,星期二、07:00 到 22:00. ,星期三、07:00 到 22:00;,星期四、07:00 到 22:00;,星期五、07:00 到 22:00;,星期六、07:00 到 22:00;,星期日、07:00 到 22:00;
嘉義忠孝門市,星期一、07:00 到 20:30;,星期二、07:00 到 20:30. ,星期三、07:00 到 20:30;,星期四、07:00 到 20:30;,星期五、07:00 到 20:30;,星期六、07:00 到 20:30;,星期日、07:00 到 20:30;
嘉基門市,星期一、07:00 到 18:30;,星期二、07:00 到 18:30. ,星期三、07:00 到 18:30;,星期四、07:00 到 18:30;,星期五、07:00 到 18:30;,星期六、07:00 到 14:00;,星期日、休息;
耐斯門市,星期一、10:00 到 22:00;,星期二、10:00 到 22:00. ,星期三、10:00 到 22:00;,星期四、10:00 到 22:00;,星期五、10:00 到 22:00;,星期六、09:00 到 22:00;,星期日、09:00 到 22:00;
嘉義新港門市 (培桂堂內),星期一、09:00 到 17:00;,星期二、09:00 到 17:00. ,星期三、09:00 到 17:00;,星期四、09:00 到 17:00;,星期五、09:00 到 17:00;,星期六、09:00 到 17:00;,星期日、09:00 到 17:00;
嘉義市府門市,星期一、07:00 到 21:00;,星期二、07:00 到 21:00. ,星期三、07:00 到 21:00;,星期四、07:00 到 21:00;,星期五、07:00 到 21:30;,星期六、07:00 到 21:30;,星期日、07:00 到 21:00;
北港門市,星期一、07:00 到 21:30;,星期二、07:00 到 21:30. ,星期三、07:00 到 21:30;,星期四、07:00 到 21:30;,星期五、07:00 到 21:30;,星期六、07:00 到 21:30;,星期日、07:00 到 21:30;
嘉邑門市,星期一、07:00 到 21:30;,星期二、07:00 到 21:30. ,星期三、07:00 到 21:30;,星期四、07:00 到 21:30;,星期五、07:00 到 21:30;,星期六、07:00 到 21:30;,星期日、07:00 到 21:30;
嘉義中山門市,星期一、07:00 到 21:30;,星期二、07:00 到 21:30. ,星期三、07:00 到 21:30;,星期四、07:00 到 21:30;,星期五、07:00 到 21:30;,星期六、07:00 到 21:30;,星期日、07:00 到 21:30;
中埔穀倉門市,星期一、08:00 到 18:00;,星期二、08:00 到 18:00. ,星期三、08:00 到 18:00;,星期四、08:00 到 18:00;,星期五、08:00 到 18:00;,星期六、08:00 到 19:00;,星期日、08:00 到 19:00;
垂楊門市,星期一、07:30 到 21:30;,星期二、07:30 到 21:30. ,星期三、07:30 到 21:30;,星期四、07:30 到 21:30;,星期五、07:30 到 21:30;,星期六、07:30 到 21:30;,星期日、07:30 到 21:30;
嘉義中興門市,星期一、06:30 到 21:30;,星期二、06:30 到 21:30. ,星期三、06:30 到 21:30;,星期四、06:30 到 21:30;,星期五、06:30 到 21:30;,星期六、06:30 到 21:30;,星期日、06:30 到 21:30;
嘉義世賢門市,星期一、07:00 到 21:00;,星期二、07:00 到 21:00. ,星期三、07:00 到 21:00;,星期四、07:00 到 21:00;,星期五、07:00 到 21:00;,星期六、07:00 到 21:00;,星期日、07:00 到 21:00;
嘉義新民門市,星期一、07:00 到 22:00;,星期二、07:00 到 22:00. ,星期三、07:00 到 22:00;,星期四、07:00 到 22:00;,星期五、07:00 到 22:00;,星期六、07:00 到 22:00;,星期日、07:00 到 22:00;
嘉義家樂福門市,星期一、09:30 到 22:00;,星期二、09:30 到 22:00. ,星期三、09:30 到 22:00;,星期四、09:30 到 22:00;,星期五、09:30 到 22:00;,星期六、09:30 到 22:00;,星期日、09:30 到 22:00;
馬祖門市,星期一、08:30 到 17:30;,星期二、08:30 到 17:30. ,星期三、08:30 到 17:30;,星期四、08:30 到 17:30;,星期五、08:30 到 17:30;,星期六、08:30 到 17:30;,星期日、08:30 到 17:30;
嘉義高鐵門市,星期一、06:30 到 21:30;,星期二、06:30 到 21:30. ,星期三、06:30 到 21:30;,星期四、06:30 到 21:30;,星期五、06:30 到 21:30;,星期六、06:30 到 21:30;,星期日、06:30 到 21:30;
嘉朴門市,星期一、07:00 到 21:30;,星期二、07:00 到 21:30. ,星期三、07:00 到 21:30;,星期四、07:00 到 21:30;,星期五、07:00 到 21:30;,星期六、07:00 到 21:30;,星期日、07:00 到 21:30;
東山休息站門市,星期一、07:30 到 20:00;,星期二、07:30 到 20:00. ,星期三、07:30 到 20:00;,星期四、07:30 到 20:00;,星期五、07:30 到 20:00;,星期六、07:30 到 21:00;,星期日、07:30 到 21:00;
新營門市,星期一、06:30 到 21:30;,星期二、06:30 到 21:30. ,星期三、06:30 到 21:30;,星期四、06:30 到 21:30;,星期五、06:30 到 21:30;,星期六、06:30 到 21:30;,星期日、06:30 到 21:30;
台南麻豆門市,星期一、07:00 到 21:00;,星期二、07:00 到 21:00. ,星期三、07:00 到 21:00;,星期四、07:00 到 21:00;,星期五、07:00 到 21:00;,星期六、07:00 到 21:00;,星期日、07:00 到 21:00;
台南善化門市,星期一、06:30 到 21:30;,星期二、06:30 到 21:30. ,星期三、06:30 到 21:30;,星期四、06:30 到 21:30;,星期五、06:30 到 21:30;,星期六、07:00 到 21:30;,星期日、07:00 到 21:30;
善化陽光門市,星期一、07:30 到 20:30;,星期二、07:30 到 20:30. ,星期三、07:30 到 20:30;,星期四、07:30 到 20:30;,星期五、07:30 到 20:30;,星期六、07:30 到 20:30;,星期日、07:30 到 20:30;
台積電P3門市,星期一、07:30 到 19:00;,星期二、07:30 到 19:00. ,星期三、07:30 到 19:00;,星期四、07:30 到 19:00;,星期五、07:30 到 19:00;,星期六、休息;,星期日、休息;
台南佳里門市,星期一、07:00 到 21:30;,星期二、07:00 到 21:30. ,星期三、07:00 到 21:30;,星期四、07:00 到 21:30;,星期五、07:00 到 21:30;,星期六、07:00 到 21:30;,星期日、07:00 到 21:30;
台積電18門市,星期一、07:30 到 19:00;,星期二、07:30 到 19:00. ,星期三、07:30 到 19:00;,星期四、07:30 到 19:00;,星期五、07:30 到 19:00;,星期六、休息;,星期日、休息;
新南科門市,星期一、07:00 到 20:30;,星期二、07:00 到 20:30. ,星期三、07:00 到 20:30;,星期四、07:00 到 20:30;,星期五、07:00 到 20:30;,星期六、08:30 到 20:30;,星期日、08:30 到 20:30;
台南新市門市,星期一、07:00 到 21:30;,星期二、07:00 到 21:30. ,星期三、07:00 到 21:30;,星期四、07:00 到 21:30;,星期五、07:00 到 21:30;,星期六、07:00 到 21:30;,星期日、07:00 到 21:30;
台南新化門市,星期一、07:00 到 20:30;,星期二、07:00 到 20:30. ,星期三、07:00 到 20:30;,星期四、07:00 到 20:30;,星期五、07:00 到 20:30;,星期六、07:00 到 20:30;,星期日、07:00 到 20:30;
澎湖喜來登門市,星期一、07:30 到 21:30;,星期二、07:30 到 21:30. ,星期三、07:30 到 21:30;,星期四、07:30 到 21:30;,星期五、07:30 到 21:30;,星期六、07:30 到 21:30;,星期日、07:30 到 21:30;
安南醫院門市,星期一、07:00 到 19:00;,星期二、07:00 到 19:00. ,星期三、07:00 到 19:00;,星期四、07:00 到 19:00;,星期五、07:00 到 19:00;,星期六、休息;,星期日、休息;
永康中正門市,星期一、06:30 到 22:00;,星期二、06:30 到 22:00. ,星期三、06:30 到 22:00;,星期四、06:30 到 22:00;,星期五、06:30 到 22:00;,星期六、06:30 到 22:00;,星期日、06:30 到 22:00;
永康愛買門市,星期一、09:30 到 20:00;,星期二、09:30 到 20:00. ,星期三、09:30 到 20:00;,星期四、09:30 到 20:00;,星期五、09:30 到 20:00;,星期六、09:30 到 20:00;,星期日、09:30 到 20:00;
台南北安門市,星期一、06:30 到 22:00;,星期二、06:30 到 22:00. ,星期三、06:30 到 22:00;,星期四、06:30 到 22:00;,星期五、06:30 到 22:00;,星期六、06:30 到 22:00;,星期日、06:30 到 22:00;
南台科大門市,星期一、08:00 到 19:30;,星期二、08:00 到 19:30. ,星期三、08:00 到 19:30;,星期四、08:00 到 19:30;,星期五、08:00 到 19:30;,星期六、休息;,星期日、休息;
康橋門市,星期一、07:00 到 23:00;,星期二、07:00 到 23:00. ,星期三、07:00 到 23:00;,星期四、07:00 到 23:00;,星期五、07:00 到 00:00;,星期六、07:00 到 00:00;,星期日、07:00 到 23:00;
台東新生門市,星期一、07:00 到 22:00;,星期二、07:00 到 22:00. ,星期三、07:00 到 22:00;,星期四、07:00 到 22:00;,星期五、07:00 到 22:00;,星期六、07:00 到 22:00;,星期日、07:00 到 22:00;
台南大灣門市,星期一、07:00 到 20:30;,星期二、07:00 到 20:30. ,星期三、07:00 到 20:30;,星期四、07:00 到 20:30;,星期五、07:00 到 20:30;,星期六、08:00 到 20:30;,星期日、08:00 到 20:30;
台南海佃門市,星期一、07:00 到 21:00;,星期二、07:00 到 21:00. ,星期三、07:00 到 21:00;,星期四、07:00 到 21:00;,星期五、07:00 到 21:00;,星期六、07:00 到 21:00;,星期日、07:00 到 21:00;
台東中華門市,星期一、07:00 到 21:00;,星期二、07:00 到 21:00. ,星期三、07:00 到 21:00;,星期四、07:00 到 21:00;,星期五、07:00 到 21:30;,星期六、07:00 到 21:30;,星期日、07:00 到 21:00;
永康門市,星期一、07:00 到 21:00;,星期二、07:00 到 21:00. ,星期三、07:00 到 21:00;,星期四、07:00 到 21:00;,星期五、07:00 到 21:00;,星期六、07:00 到 21:00;,星期日、07:00 到 21:00;
台南小北門市,星期一、07:00 到 21:30;,星期二、07:00 到 21:30. ,星期三、07:00 到 21:30;,星期四、07:00 到 21:30;,星期五、07:00 到 21:30;,星期六、07:00 到 21:30;,星期日、07:00 到 21:30;
虎尾寮門市,星期一、07:00 到 22:00;,星期二、07:00 到 22:00. ,星期三、07:00 到 22:00;,星期四、07:00 到 22:00;,星期五、07:00 到 22:00;,星期六、07:00 到 22:00;,星期日、07:00 到 22:00;
台南歸仁門市,星期一、06:30 到 21:00;,星期二、06:30 到 21:00. ,星期三、06:30 到 21:00;,星期四、06:30 到 21:00;,星期五、06:30 到 21:00;,星期六、06:30 到 21:00;,星期日、06:30 到 21:00;
成大醫院B1門市,星期一、07:00 到 18:00;,星期二、07:00 到 18:00. ,星期三、07:00 到 18:00;,星期四、07:00 到 18:00;,星期五、07:00 到 18:00;,星期六、07:30 到 16:00;,星期日、07:30 到 16:00;
海安和緯門市,星期一、07:00 到 22:00;,星期二、07:00 到 22:00. ,星期三、07:00 到 22:00;,星期四、07:00 到 22:00;,星期五、07:00 到 22:00;,星期六、07:00 到 22:00;,星期日、07:00 到 22:00;
成大醫1F門市,星期一、07:00 到 18:30;,星期二、07:00 到 18:30. ,星期三、07:00 到 18:30;,星期四、07:00 到 18:30;,星期五、07:00 到 18:30;,星期六、休息;,星期日、休息;
旗山門市,星期一、07:00 到 21:00;,星期二、07:00 到 21:00. ,星期三、07:00 到 21:00;,星期四、07:00 到 21:00;,星期五、07:00 到 21:00;,星期六、07:00 到 21:00;,星期日、07:00 到 21:00;
南紡1F門市,星期一、11:00 到 22:00;,星期二、11:00 到 22:00. ,星期三、11:00 到 22:00;,星期四、11:00 到 22:00;,星期五、11:00 到 22:00;,星期六、11:00 到 22:00;,星期日、11:00 到 22:00;
長榮門市,星期一、07:00 到 21:00;,星期二、07:00 到 21:00. ,星期三、07:00 到 21:00;,星期四、07:00 到 21:00;,星期五、07:00 到 21:00;,星期六、07:00 到 21:00;,星期日、07:00 到 21:00;
南紡門市,星期一、11:00 到 22:00;,星期二、11:00 到 22:00. ,星期三、11:00 到 22:00;,星期四、11:00 到 22:00;,星期五、11:00 到 22:00;,星期六、11:00 到 22:00;,星期日、11:00 到 22:00;
台南文創門市,星期一、07:30 到 18:00;,星期二、07:30 到 18:00. ,星期三、07:30 到 18:00;,星期四、07:30 到 18:00;,星期五、07:30 到 18:00;,星期六、07:30 到 18:00;,星期日、07:30 到 18:00;
南遠門市,星期一、11:00 到 22:00;,星期二、11:00 到 22:00. ,星期三、11:00 到 22:00;,星期四、11:00 到 22:00;,星期五、11:00 到 22:00;,星期六、11:00 到 22:00;,星期日、11:00 到 22:00;
關廟南門市,星期一、09:00 到 19:00;,星期二、09:00 到 19:00. ,星期三、09:00 到 19:00;,星期四、09:00 到 19:00;,星期五、08:00 到 19:00;,星期六、08:00 到 19:00;,星期日、08:00 到 19:00;
台南門市,星期一、10:00 到 22:00;,星期二、10:00 到 22:00. ,星期三、10:00 到 22:00;,星期四、10:00 到 22:00;,星期五、10:00 到 22:00;,星期六、10:00 到 22:00;,星期日、10:00 到 22:00;
三越中山門市,星期一、11:00 到 22:00;,星期二、11:00 到 22:00. ,星期三、11:00 到 22:00;,星期四、11:00 到 22:00;,星期五、11:00 到 22:00;,星期六、11:00 到 22:00;,星期日、11:00 到 22:00;
湖美門市,星期一、07:00 到 23:00;,星期二、07:00 到 23:00. ,星期三、07:00 到 23:00;,星期四、07:00 到 23:00;,星期五、07:00 到 23:00;,星期六、07:00 到 23:00;,星期日、07:00 到 23:00;
仁德家樂福門市,星期一、09:00 到 21:30;,星期二、09:00 到 21:30. ,星期三、09:00 到 21:30;,星期四、09:00 到 21:30;,星期五、09:00 到 21:30;,星期六、09:00 到 21:30;,星期日、09:00 到 21:30;
台南東門門市,星期一、06:30 到 21:30;,星期二、06:30 到 21:30. ,星期三、06:30 到 21:30;,星期四、06:30 到 21:30;,星期五、06:30 到 21:30;,星期六、06:30 到 21:30;,星期日、06:30 到 21:30;
台南西門門市,星期一、08:30 到 22:00;,星期二、08:30 到 22:00. ,星期三、08:30 到 22:00;,星期四、08:30 到 22:00;,星期五、08:30 到 22:00;,星期六、08:30 到 22:00;,星期日、08:30 到 22:00;
府中門市,星期一、07:00 到 22:00;,星期二、07:00 到 22:00. ,星期三、07:00 到 22:00;,星期四、07:00 到 22:00;,星期五、07:00 到 22:00;,星期六、07:00 到 22:00;,星期日、07:00 到 22:00;
台南健康門市,星期一、07:00 到 21:00;,星期二、07:00 到 21:00. ,星期三、07:00 到 21:00;,星期四、07:00 到 21:00;,星期五、07:00 到 21:00;,星期六、07:00 到 21:00;,星期日、07:00 到 21:00;
永華門市,星期一、08:00 到 21:00;,星期二、08:00 到 21:00. ,星期三、08:00 到 21:00;,星期四、08:00 到 21:00;,星期五、08:00 到 21:00;,星期六、08:00 到 21:00;,星期日、08:00 到 21:00;
永華國平門市,星期一、07:00 到 22:00;,星期二、07:00 到 22:00. ,星期三、07:00 到 22:00;,星期四、07:00 到 22:00;,星期五、07:00 到 22:00;,星期六、07:00 到 22:00;,星期日、07:00 到 22:00;
MITSUI台南門市,星期一、11:00 到 21:30;,星期二、11:00 到 21:30. ,星期三、11:00 到 21:30;,星期四、11:00 到 21:30;,星期五、11:00 到 21:30;,星期六、11:00 到 21:30;,星期日、11:00 到 21:30;
台南高鐵門市,星期一、06:30 到 22:00;,星期二、06:30 到 22:00. ,星期三、06:30 到 22:00;,星期四、06:30 到 22:00;,星期五、06:30 到 22:00;,星期六、06:30 到 22:00;,星期日、06:30 到 22:00;
首府門市,星期一、07:00 到 23:00;,星期二、07:00 到 23:00. ,星期三、07:00 到 23:00;,星期四、07:00 到 23:00;,星期五、07:00 到 23:00;,星期六、07:00 到 23:00;,星期日、07:00 到 23:00;
奇美博物館門市,星期一、09:00 到 18:00;,星期二、09:00 到 18:00. ,星期三、休息;,星期四、09:00 到 18:00;,星期五、09:00 到 18:00;,星期六、09:00 到 18:00;,星期日、09:00 到 18:00;
仁德北門市,星期一、07:00 到 20:00;,星期二、07:00 到 20:00. ,星期三、07:00 到 20:00;,星期四、07:00 到 20:00;,星期五、07:00 到 20:00;,星期六、07:00 到 20:00;,星期日、07:00 到 20:00;
仁德南門市,星期一、07:30 到 20:00;,星期二、07:30 到 20:00. ,星期三、07:30 到 20:00;,星期四、07:30 到 20:00;,星期五、07:30 到 20:00;,星期六、07:30 到 20:00;,星期日、07:30 到 20:00;
路竹門市,星期一、07:00 到 22:00;,星期二、07:00 到 22:00. ,星期三、07:00 到 22:00;,星期四、07:00 到 22:00;,星期五、07:00 到 22:00;,星期六、07:00 到 22:00;,星期日、07:00 到 22:00;
佛陀館門市,星期一、10:00 到 18:00;,星期二、休息. ,星期三、10:00 到 18:00;,星期四、10:00 到 18:00;,星期五、10:00 到 18:00;,星期六、10:00 到 18:00;,星期日、10:00 到 18:00;
岡山門市,星期一、07:00 到 22:00;,星期二、07:00 到 22:00. ,星期三、07:00 到 22:00;,星期四、07:00 到 22:00;,星期五、07:00 到 22:00;,星期六、07:00 到 22:00;,星期日、07:00 到 22:00;
岡山秀泰門市,星期一、11:00 到 21:30;,星期二、11:00 到 21:30. ,星期三、11:00 到 21:30;,星期四、11:00 到 21:30;,星期五、11:00 到 21:30;,星期六、11:00 到 21:30;,星期日、11:00 到 21:30;
義大城門市,星期一、11:00 到 22:00;,星期二、11:00 到 22:00. ,星期三、11:00 到 22:00;,星期四、11:00 到 22:00;,星期五、11:00 到 22:00;,星期六、10:00 到 22:00;,星期日、10:00 到 22:00;
屏東自由門市,星期一、07:00 到 22:00;,星期二、07:00 到 22:00. ,星期三、07:00 到 22:00;,星期四、07:00 到 22:00;,星期五、07:00 到 22:00;,星期六、07:00 到 22:00;,星期日、07:00 到 22:00;
屏東門市,星期一、07:00 到 22:00;,星期二、07:00 到 22:00. ,星期三、07:00 到 22:00;,星期四、07:00 到 22:00;,星期五、07:00 到 22:00;,星期六、07:00 到 22:00;,星期日、07:00 到 22:00;
屏東民生門市,星期一、06:30 到 22:00;,星期二、06:30 到 22:00. ,星期三、06:30 到 22:00;,星期四、06:30 到 22:00;,星期五、06:30 到 22:00;,星期六、06:30 到 22:00;,星期日、06:30 到 22:00;
楠梓門市,星期一、07:00 到 22:00;,星期二、07:00 到 22:00. ,星期三、07:00 到 22:00;,星期四、07:00 到 22:00;,星期五、07:00 到 22:00;,星期六、07:00 到 22:00;,星期日、07:00 到 22:00;
楠梓藍昌門市,星期一、07:00 到 22:00;,星期二、07:00 到 22:00. ,星期三、07:00 到 22:00;,星期四、07:00 到 22:00;,星期五、07:00 到 22:00;,星期六、07:00 到 22:00;,星期日、07:00 到 22:00;
楠梓德民門市,星期一、07:00 到 22:00;,星期二、07:00 到 22:00. ,星期三、07:00 到 22:00;,星期四、07:00 到 22:00;,星期五、07:00 到 22:00;,星期六、07:00 到 22:00;,星期日、07:00 到 22:00;
楠梓日月光門市,星期一、07:00 到 19:30;,星期二、07:00 到 19:30. ,星期三、07:00 到 19:30;,星期四、07:00 到 19:30;,星期五、07:00 到 19:30;,星期六、休息;,星期日、休息;
仁武八德門市,星期一、07:00 到 21:00;,星期二、07:00 到 21:00. ,星期三、07:00 到 21:00;,星期四、07:00 到 21:00;,星期五、07:00 到 21:00;,星期六、07:00 到 21:00;,星期日、07:00 到 21:00;
博愛華夏門市,星期一、07:00 到 21:30;,星期二、07:00 到 21:30. ,星期三、07:00 到 21:30;,星期四、07:00 到 21:30;,星期五、07:00 到 22:00;,星期六、07:00 到 22:00;,星期日、07:00 到 21:30;
仁武仁雄門市,星期一、06:30 到 22:00;,星期二、06:30 到 22:00. ,星期三、06:30 到 22:00;,星期四、06:30 到 22:00;,星期五、06:30 到 22:00;,星期六、06:30 到 22:00;,星期日、06:30 到 22:00;
新光左營門市,星期一、09:00 到 22:00;,星期二、09:00 到 22:00. ,星期三、09:00 到 22:00;,星期四、09:00 到 22:00;,星期五、09:00 到 22:00;,星期六、09:00 到 22:00;,星期日、09:00 到 22:00;
環球左營門市,星期一、06:30 到 21:30;,星期二、06:30 到 21:30. ,星期三、06:30 到 21:30;,星期四、06:30 到 21:30;,星期五、06:30 到 22:00;,星期六、06:30 到 22:00;,星期日、06:30 到 21:30;
左營高鐵門市,星期一、06:00 到 22:00;,星期二、06:00 到 22:00. ,星期三、06:00 到 22:00;,星期四、06:00 到 22:00;,星期五、06:00 到 22:30;,星期六、06:00 到 22:30;,星期日、06:00 到 22:30;
高雄榮總門市,星期一、07:30 到 18:30;,星期二、07:30 到 18:30. ,星期三、07:30 到 18:30;,星期四、07:30 到 18:30;,星期五、07:30 到 18:30;,星期六、07:30 到 18:30;,星期日、休息;
高榮大中門市,星期一、07:30 到 20:00;,星期二、07:30 到 20:00. ,星期三、07:30 到 20:00;,星期四、07:30 到 20:00;,星期五、07:30 到 20:00;,星期六、08:00 到 19:00;,星期日、08:00 到 19:00;
天祥門市,星期一、07:00 到 21:30;,星期二、07:00 到 21:30. ,星期三、07:00 到 21:30;,星期四、07:00 到 21:30;,星期五、07:00 到 21:30;,星期六、07:00 到 21:30;,星期日、07:00 到 21:30;
高雄博愛門市,星期一、07:00 到 22:00;,星期二、07:00 到 22:00. ,星期三、07:00 到 22:00;,星期四、07:00 到 22:00;,星期五、07:00 到 22:30;,星期六、07:00 到 22:30;,星期日、07:00 到 22:00;
高雄長庚門市,星期一、07:00 到 20:00;,星期二、07:00 到 20:00. ,星期三、07:00 到 20:00;,星期四、07:00 到 20:00;,星期五、07:00 到 20:00;,星期六、07:00 到 17:00;,星期日、07:00 到 17:00;
漢神巨蛋門市,星期一、11:00 到 22:00;,星期二、11:00 到 22:00. ,星期三、11:00 到 22:00;,星期四、11:00 到 22:00;,星期五、11:00 到 22:30;,星期六、11:00 到 22:30;,星期日、11:00 到 22:00;
裕誠門市,星期一、07:00 到 21:30;,星期二、07:00 到 21:30. ,星期三、07:00 到 21:30;,星期四、07:00 到 21:30;,星期五、07:00 到 21:30;,星期六、07:00 到 21:30;,星期日、07:00 到 21:30;
本館門市,星期一、07:00 到 21:30;,星期二、07:00 到 21:30. ,星期三、07:00 到 21:30;,星期四、07:00 到 21:30;,星期五、07:00 到 21:30;,星期六、07:00 到 21:30;,星期日、07:00 到 21:30;
明誠門市,星期一、07:00 到 21:30;,星期二、07:00 到 21:30. ,星期三、07:00 到 21:30;,星期四、07:00 到 21:30;,星期五、07:00 到 21:30;,星期六、07:00 到 21:30;,星期日、07:00 到 21:30;
鼓山華榮門市,星期一、07:00 到 22:00;,星期二、07:00 到 22:00. ,星期三、07:00 到 22:00;,星期四、07:00 到 22:00;,星期五、07:00 到 22:00;,星期六、07:00 到 22:00;,星期日、07:00 到 22:00;
澄清文衡門市,星期一、06:30 到 22:00;,星期二、06:30 到 22:00. ,星期三、06:30 到 22:00;,星期四、06:30 到 22:00;,星期五、06:30 到 22:00;,星期六、06:30 到 22:00;,星期日、06:30 到 22:00;
大順富民門市,星期一、07:00 到 21:30;,星期二、07:00 到 21:30. ,星期三、07:00 到 21:30;,星期四、07:00 到 21:30;,星期五、07:00 到 21:30;,星期六、07:00 到 21:30;,星期日、07:00 到 21:30;
美術館門市,星期一、07:00 到 21:30;,星期二、07:00 到 21:30. ,星期三、07:00 到 21:30;,星期四、07:00 到 21:30;,星期五、07:00 到 21:30;,星期六、07:00 到 21:30;,星期日、07:00 到 21:30;
鳳山建國門市,星期一、07:00 到 22:00;,星期二、07:00 到 22:00. ,星期三、07:00 到 22:00;,星期四、07:00 到 22:00;,星期五、07:00 到 22:00;,星期六、07:00 到 22:00;,星期日、07:00 到 22:00;
高雄九如門市,星期一、07:00 到 21:30;,星期二、07:00 到 21:30. ,星期三、07:00 到 21:30;,星期四、07:00 到 21:30;,星期五、07:00 到 22:00;,星期六、07:00 到 22:00;,星期日、07:00 到 21:30;
十全門市,星期一、06:30 到 22:00;,星期二、06:30 到 22:00. ,星期三、06:30 到 22:00;,星期四、06:30 到 22:00;,星期五、06:30 到 22:00;,星期六、07:00 到 21:30;,星期日、07:00 到 21:30;
鳳山光遠門市,星期一、07:00 到 22:00;,星期二、07:00 到 22:00. ,星期三、07:00 到 22:00;,星期四、07:00 到 22:00;,星期五、07:00 到 22:00;,星期六、07:00 到 22:00;,星期日、07:00 到 22:00;
美術願景門市,星期一、07:00 到 21:30;,星期二、07:00 到 21:30. ,星期三、07:00 到 21:30;,星期四、07:00 到 21:30;,星期五、07:00 到 21:30;,星期六、07:00 到 21:30;,星期日、07:00 到 21:30;
高雄大寮門市,星期一、07:00 到 21:30;,星期二、07:00 到 21:30. ,星期三、07:00 到 21:30;,星期四、07:00 到 21:30;,星期五、07:00 到 21:30;,星期六、07:00 到 21:30;,星期日、07:00 到 21:30;
中正河北門市,星期一、06:30 到 22:00;,星期二、06:30 到 22:00. ,星期三、06:30 到 22:00;,星期四、06:30 到 22:00;,星期五、06:30 到 22:00;,星期六、07:00 到 22:00;,星期日、07:00 到 22:00;
七賢門市,星期一、07:00 到 21:30;,星期二、07:00 到 21:30. ,星期三、07:00 到 21:30;,星期四、07:00 到 21:30;,星期五、07:00 到 21:30;,星期六、07:30 到 21:30;,星期日、07:30 到 21:30;
高雄中正門市,星期一、07:00 到 21:30;,星期二、07:00 到 21:30. ,星期三、07:00 到 21:30;,星期四、07:00 到 21:30;,星期五、07:00 到 21:30;,星期六、07:00 到 21:30;,星期日、07:00 到 21:30;
潮州門市,星期一、07:00 到 22:00;,星期二、07:00 到 22:00. ,星期三、07:00 到 22:00;,星期四、07:00 到 22:00;,星期五、07:00 到 22:00;,星期六、07:00 到 22:00;,星期日、07:00 到 22:00;
苓雅光華門市,星期一、07:00 到 22:00;,星期二、07:00 到 22:00. ,星期三、07:00 到 22:00;,星期四、07:00 到 22:00;,星期五、07:00 到 22:00;,星期六、07:00 到 22:00;,星期日、07:00 到 22:00;
鳳山新富門市,星期一、07:00 到 21:00;,星期二、07:00 到 21:00. ,星期三、07:00 到 21:00;,星期四、07:00 到 21:00;,星期五、07:00 到 21:00;,星期六、07:00 到 21:00;,星期日、07:00 到 21:00;
愛河門市,星期一、08:00 到 21:30;,星期二、08:00 到 21:30. ,星期三、08:00 到 21:30;,星期四、08:00 到 21:30;,星期五、08:00 到 21:30;,星期六、08:00 到 21:30;,星期日、08:00 到 21:30;
中正自強門市,星期一、07:00 到 21:30;,星期二、07:00 到 21:30. ,星期三、07:00 到 21:30;,星期四、07:00 到 21:30;,星期五、07:00 到 21:30;,星期六、07:00 到 21:00;,星期日、07:00 到 21:00;
四維民權門市,星期一、07:00 到 21:00;,星期二、07:00 到 21:00. ,星期三、07:00 到 21:00;,星期四、07:00 到 21:00;,星期五、07:00 到 21:00;,星期六、07:30 到 21:00;,星期日、07:30 到 21:00;
中央公園門市,星期一、07:00 到 21:00;,星期二、07:00 到 21:00. ,星期三、07:00 到 21:00;,星期四、07:00 到 21:00;,星期五、07:00 到 21:00;,星期六、07:30 到 21:00;,星期日、07:30 到 21:00;
三多門市,星期一、06:30 到 22:00;,星期二、06:30 到 22:00. ,星期三、06:30 到 22:00;,星期四、06:30 到 22:00;,星期五、06:30 到 22:00;,星期六、07:00 到 22:00;,星期日、07:00 到 22:00;
高雄瑞隆門市,星期一、06:30 到 21:30;,星期二、06:30 到 21:30. ,星期三、06:30 到 21:30;,星期四、06:30 到 21:30;,星期五、06:30 到 21:30;,星期六、06:30 到 21:30;,星期日、06:30 到 21:30;
青年門市,星期一、06:30 到 21:30;,星期二、06:30 到 21:30. ,星期三、06:30 到 21:30;,星期四、06:30 到 21:30;,星期五、06:30 到 21:30;,星期六、07:00 到 21:30;,星期日、07:00 到 21:30;
高雄遠百門市,星期一、08:00 到 22:00;,星期二、08:00 到 22:00. ,星期三、08:00 到 22:00;,星期四、08:00 到 22:00;,星期五、08:00 到 22:00;,星期六、08:00 到 22:00;,星期日、08:00 到 22:00;
駁二誠品門市,星期一、11:00 到 21:00;,星期二、11:00 到 21:00;,星期三、11:00 到 21:00;,星期四、11:00 到 21:00;,星期五、11:00 到 21:00;,星期六、11:00 到 21:00;,星期日、11:00 到 21:00;
五甲門市,星期一、06:30 到 21:30;,星期二、06:30 到 21:30. ,星期三、06:30 到 21:30;,星期四、06:30 到 21:30;,星期五、06:30 到 21:30;,星期六、06:30 到 21:30;,星期日、06:30 到 21:30;
小港中安門市,星期一、07:00 到 21:30;,星期二、07:00 到 21:30. ,星期三、07:00 到 21:30;,星期四、07:00 到 21:30;,星期五、07:00 到 21:30;,星期六、07:00 到 21:30;,星期日、07:00 到 21:30;
哈瑪星門市,星期一、07:30 到 21:00;,星期二、07:30 到 21:00. ,星期三、07:30 到 21:00;,星期四、07:30 到 21:00;,星期五、07:30 到 21:00;,星期六、08:00 到 21:30;,星期日、08:00 到 21:30;
高雄夢時代門市,星期一、10:00 到 22:00;,星期二、10:00 到 22:00. ,星期三、10:00 到 22:00;,星期四、10:00 到 22:00;,星期五、10:00 到 22:30;,星期六、10:00 到 22:30;,星期日、10:00 到 22:00;
高雄時代門市,星期一、11:00 到 22:00;,星期二、11:00 到 22:00. ,星期三、11:00 到 22:00;,星期四、11:00 到 22:00;,星期五、11:00 到 22:30;,星期六、10:30 到 22:30;,星期日、10:30 到 22:00;
小港宏平門市,星期一、07:00 到 21:30;,星期二、07:00 到 21:30. ,星期三、07:00 到 21:30;,星期四、07:00 到 21:30;,星期五、07:00 到 22:00;,星期六、07:00 到 22:00;,星期日、07:00 到 21:30;
小港國際站門市,星期一、06:00 到 21:00;,星期二、06:00 到 21:00. ,星期三、06:00 到 21:00;,星期四、06:00 到 21:00;,星期五、06:00 到 21:00;,星期六、06:00 到 21:00;,星期日、06:00 到 21:00;
屏東東港門市,星期一、07:00 到 22:00;,星期二、07:00 到 22:00. ,星期三、07:00 到 22:00;,星期四、07:00 到 22:00;,星期五、07:00 到 22:00;,星期六、07:00 到 22:00;,星期日、07:00 到 22:00;
台東大武門市,星期一、08:30 到 17:30;,星期二、08:30 到 17:30. ,星期三、08:30 到 17:30;,星期四、08:30 到 17:30;,星期五、08:30 到 17:30;,星期六、08:00 到 18:00;,星期日、08:00 到 18:00;
金門金湖門市,星期一、10:00 到 18:30;,星期二、10:00 到 18:30. ,星期三、10:00 到 18:30;,星期四、10:00 到 18:30;,星期五、09:00 到 18:30;,星期六、09:00 到 18:30;,星期日、09:00 到 18:30;
金門伯玉門市,星期一、08:30 到 20:30;,星期二、08:30 到 20:30. ,星期三、08:30 到 20:30;,星期四、08:30 到 20:30;,星期五、08:30 到 20:30;,星期六、08:30 到 20:30;,星期日、08:30 到 20:30;
海生館門市(館內),星期一、09:00 到 17:30;,星期二、09:00 到 17:30. ,星期三、09:00 到 17:30;,星期四、09:00 到 17:30;,星期五、09:00 到 17:30;,星期六、09:00 到 17:30;,星期日、09:00 到 17:30;
恆春門市,星期一、07:00 到 22:00;,星期二、07:00 到 22:00. ,星期三、07:00 到 22:00;,星期四、07:00 到 22:00;,星期五、07:00 到 22:00;,星期六、07:00 到 22:00;,星期日、07:00 到 22:00;
墾丁福華門市,星期一、07:30 到 18:00;,星期二、07:30 到 18:00. ,星期三、07:30 到 18:00;,星期四、07:30 到 18:00;,星期五、07:30 到 18:00;,星期六、07:30 到 18:00;,星期日、07:30 到 18:00;
